ID,Title,Sku,"Post Type","Product Type","Parent Product ID","Regular Price","Sale Price","Product categories",Brand,rank_math_seo_score,Permalink,Date,"External Product URL","Button Text","Product Account Type","Product Active Installations","Product Activity log","Product Addon Modules","Product Addons","Product Affiliate Payouts","Product Affiliate Program","Product Affiliate / Referer","Product Affiliate/ Referer system","Product Alexa Ranking","Product Analytics","Product Anti DDos","Product Anti-malware","Product Anti-Phishing","Product Apex","Product Pre Approval of post from members","Product Apps Installation","Product Appsfomo Ratings","Product Author","Product Backup management","Product Bandwidth monitoring","Product Blacklist monitoring","Product Cache Control","Product CDN","Product Cloud Backups","Product Company Name","Product Compatible with","Product Competitor","Product Computing","Product Content Generation","Product Content Modification","Product Control panel","Product Corn Jobs","Product Corporate Registered Country","Product Country","Product Created in","Product Cross-platform hosting","Product Daily Backups","Product Database Management","Product Deal Submission","Product Dedicated hosting","Product Demo Templates","Product Design and Themes","Product Disk Space","Product DNS","Product DNS Management","Product Documentation","Product Documentation and Changelog","Product Dynamic Content delivery","Product E-commerce Hosting","Product E-commerce Relevant","Product eCommerce Support","Product Ease of use","Product Email accounts","Product Email Management","Product Email Storage","Product Encrypted storage","Product End-user Portal Features","Product File Access","Product File manager","Product Firewall","Product Firewall Management","Product Founder","Product Founder/CEO","Product Framework","Product Free Backups","Product Free Domain","Product Free Giveaway","Product Free Giveaways","Product Free Trail","Product Free Version","Product Freebies","Product FTP Management","Product FTP, SFTP and SSH","Product Grammar checker","Product Group Rules","Product Hosting Companies","Product Hotlink Protection","Product HTTP/2","Product Ideal for","Product Image optimization","Product Initial Release","Product Instant Setup","Product Integrations","Product IP denials","Product IPv6","Product Key Features","Product Large file delivery","Product Last Updated","Product Launch","Product Licensing","Product Licensing Type","Product Lifetime Deal Offered","Product Live Seminar Hosting","Product Live Video","Product Log Files","Product LTD Platform","Product Main Admin","Product Malicious Protection","Product Managing user accounts","Product Marketing Tools","Product Marketplace","Product Migration","Product Mobile app","Product Mobile Responsive","Product Money-Back Guarantee","Product Monthly Page views","Product Monthly Revenue (Approx.)","Product Multi lang support","Product Multitask support","Product Network Attack Protection","Product Niche","Product Number of admins","Product Offers range","Product One click demo","Product Origin Pull","Product Origin Shield","Product Other products","Product Other Sub Groups","Product Page Builder","Product Page load time","Product Parked Domain","Product Password protected","Product Payment Gateways","Product Payment Options","Product Performance Impact","Product Performance optimization","Product Performance Tracking","Product PHP compatibility","Product PHP version","Product Plagiarism checker","Product Platform","Product Plugin Extensions","Product Plugins and Integrations","Product Plugins included","Product Price","Product Price Tier","Product Pricing options","Product Pricing plan","Product Privacy","Product Private CDN","Product Purge","Product Push/Upload","Product Ransomware protection","Product Ratings","Product Refund Criteria","Product Refund Policies","Product Region","Product Registered Company","Product Release date","Product Review Date","Product Reviews","Product Sales Features","Product Security","Product SEO","Product server location","Product Server monitoring","Product Services included","Product Shared Hosting","Product Site Usage","Product Small file delivery","Product Social Media Presence","Product Social Media Presence","Product Spam protection","Product Spinning","Product SSH access","Product SSL and HTTP/2","Product SSL management","Product SSL monitoring","Product Staging Site","Product Storage Limit","Product Sub domain","Product Subscription Type","Product Support","Product Support Duration","Product Support System","Product Support type","Product Supported Device","Product Supported Page Builders","Product Sync Options","Product System impact","Product Team Size","Product Technical Support","Product Tested upto","Product Token Authentication","Product Total Members","Product Type","Product UI & UX Score","Product Unique Theme Features","Product Updates","Product Upgrade Option","Product Uptime","Product Usage Restrictions","Product User limit","Product Version","Product Video on demand","Product Virtualization","Product VPN hosting","Product VPS","Product Vulnerability Protection","Product Web Application Firewall","Product Website Builder","Product Website Launch Date","Product Website Migration","Product Website monitoring","Product Website Protection from","Product Website Worth (Aprox.)","Product Wordpress Compatibility","Product Wordpress integration","Product Wordpress Version"
710,"Swift Performance: Get your Wordpress Website Lightning-Fast Site Speed",,product,external,0,50,,"Wordpress Plugins>Caching Plugin","SWTE Group Ltd",,https://wpappsfomo.test/reviews/swift-performance/,"2018-01-22 17:33:50",https://swiftperformance.io/?ref=75,"Buy Now",,,,,,,,,,,,,,,,,,,,,,,,,,,,,,,,,,,,,,,,,,,,,,,,,,,,,,,,,,,,,,,,,,,,,,,,,,,,,,,,,,,,,,,,,,,,,,,,,,,,,,,,,,,,,,,,,,,,,,,,,,,,,,,,,,,,,,,,,,,,,,,,,,,,,,,,,,,,,,,,,,,,,,,,,,,,,,,,,,,,,,,,,,,,,,,,,,,,,,,,,,,,,,,,,,
716,"Divi Theme: Create Custom Wordpress Websites using Theme Builder",,product,external,0,70,,"Wordpress Themes>Page Builder","Elegant Themes",,https://wpappsfomo.test/reviews/divi-theme/,"2018-01-22 19:22:28",https://www.elegantthemes.com/,"Buy Now",,,,,,,Yes,,,,,,,,,,,,,,,,,,,,,"Astra,Avada",,,,,,,,,,,,,,,,,,,,,,,,,,,,,,,,,,,,,,,,,,,,,,,,,,,,,,,,,,,,,,,,,,,,,,,,,,,,,,"30+ Days",,,,,,,,,Yes,,,,,,,,,,,,,,,,,,,,,,,"Yearly,One-time Payment",,,,,,,,,,,,,,,,,,,,,,"Unlimited Sites",,,,,,,,,,,,,,,,"Email,Support Ticket",,,Divi,,,,,,,,,,"Live page builder",,,,,,,,,,,,,,,,,,,,,
1522,"Astra Theme: A Versatile and Lightweight WordPress Theme",,product,external,0,47,,"Wordpress Themes>Multipurpose","Brainstorm Force",,https://wpappsfomo.test/reviews/wpastra-theme/,"2019-12-24 03:25:49",https://wpastra.com/,"Buy Now",,,,,,,Yes,,,,,,,,,,,,,,,,,,,,,"Generatepress,Genesis,OceanWP",,,,,,,,,,,,,,,,,,,,,,,,,,,,,,,,,,,,,,,,,,,,,,,,,,,,,,,,,,,,,,,,,,,,,,,,,,,,,,"14 Days",,,,,,,,,Yes,,,,,,,,,,,,,,,,,,,,,,,"Yearly,One-time Payment",,,,,,,,,,,,,,,,,,,,,,"Unlimited Sites",,,,,,,,,,,,,,,,"Email,Support Ticket,Live Chat",,,"Gutenberg,Elementor,Beaver Builder",,,,,,,,,,"Light weight",,,,,,,,,,,,,,,,,,,,,
2920,"WPForms: The most Advanced Solution for Creating Forms in WordPress",,product,external,0,50,,"Wordpress Plugins>Forms &amp; Popups","WPForms LLC",,https://wpappsfomo.test/reviews/wpforms/,"2020-07-10 05:50:32",https://wpforms.com/,"Buy Now",,,,,,,,,,,,,,,,,,,,,,,,,,,,,,,,,,,,,,,,,,,,,,,,,,,,,,,,,,,,,,,,,,,,,,,,,,,,,,,,,,,,,,,,,,,,,,,,,,,,,,,,,,,,,,,,,,,,,,,,,,,,,,,,,,,,,,,,,,,,,,,,,,,,,,,,,,,,,,,,,,,,,,,,,,,,,,,,,,,,,,,,,,,,,,,,,,,,,,,,,,,,,,,,,,
2954,"Ultimate Membership Plugin - Create Exclusive Access to Your Website",,product,external,0,99,59,"Wordpress Plugins>Membership",WPIndeed,,https://wpappsfomo.test/reviews/ultimate-membership-pro/,"2020-07-29 16:04:13",https://1.envato.market/jWE3Ya,"Buy Now",,,,,,,,,,,,,,,,,,,,,,,,,,,,,,,,,,,,,,,,,,,,,,,,,,,,,,,,,,,,,,,,,,,,,,,,,,,,,,,,,,,,,,,,,,,,,,,,,,,,,,,,,,,,,,,,,,,,,,,,,,,,,,,,,,,,,,,,,,,,,,,,,,,,,,,,,,,,,,,,,,,,,,,,,,,,,,,,,,,,,,,,,,,,,,,,,,,,,,,,,,,,,,,,,,
2956,"All in One SEO: Boost Your SEO Efforts and Rank Higher",,product,external,0,50,,"Wordpress Plugins>SEO Plugin","Semper Plugins",,https://wpappsfomo.test/reviews/all-in-one-seo/,"2020-07-02 16:04:29",https://wordpress.org/plugins/all-in-one-seo-pack/,"Buy Now",,,,,,,,,,,,,,,,,,,,,,,,,,,,,,,,,,,,,,,,,,,,,,,,,,,,,,,,,,,,,,,,,,,,,,,,,,,,,,,,,,,,,,,,,,,,,,,,,,,,,,,,,,,,,,,,,,,,,,,,,,,,,,,,,,,,,,,,,,,,,,,,,,,,,,,,,,,,,,,,,,,,,,,,,,,,,,,,,,,,,,,,,,,,,,,,,,,,,,,,,,,,,,,,,,
2958,"Restrict Content Pro: Secure Your Wordpress Content and Give Exclusive Access",,product,external,0,99,,"Wordpress Plugins>Membership",StellarWP,,https://wpappsfomo.test/reviews/restrict-content-pro/,"2020-07-02 18:55:42",https://restrictcontentpro.com/,"Buy Now",,,,,,,,,,,,,,,,,,,,,,,,,,,,,,,,,,,,,,,,,,,,,,,,,,,,,,,,,,,,,,,,,,,,,,,,,,,,,,,,,,,,,,,,,,,,,,,,,,,,,,,,,,,,,,,,,,,,,,,,,,,,,,,,,,,,,,,,,,,,,,,,,,,,,,,,,,,,,,,,,,,,,,,,,,,,,,,,,,,,,,,,,,,,,,,,,,,,,,,,,,,,,,,,,,
2960,"SEO by Squirrly: Optimize Your WordPress Site SEO with Breeze",,product,external,0,20.99,,"Wordpress Plugins>SEO Plugin","Squirrly Limited",,https://wpappsfomo.test/reviews/seo-by-squirrly/,"2020-07-06 19:38:23",https://squirrly.idevaffiliate.com/idevaffiliate.php?id=575&url=599,"Buy Now",,,,,,,,,,,,,,,,,,,,,,,,,,,,,,,,,,,,,,,,,,,,,,,,,,,,,,,,,,,,,,,,,,,,,,,,,,,,,,,,,,,,"Facebook pixel|Google Analytics|Pinterest|Wordpress",,,,,,,,,,,,,,,,,,,,,,,,,,,,,,,,,,,,,,,,,,,,,,,,,,,,,,,,,,,,,,,,,,,,,,,,,,,,,,,,,,,,,,,,,,,,,,,,,,,,,,,,,,,,,,,,,,,,,,,,,,,,,,
2972,"SiteOrigin Page Builder: Create Stunning Websites Easily",,product,external,0,29,,"Wordpress Plugins","Site Origin",,https://wpappsfomo.test/reviews/site-origin/,"2020-07-28 14:55:52",https://siteorigin.com/page-builder/,"Buy Now",,,,,,,,,,,,,,,,,,,,,,,,,,,,,,,,,,,,,,,,,,,,,,,,,,,,,,,,,,,,,,,,,,,,,,,,,,,,,,,,,,,,,,,,,,,,,,,,,,,,,,,,,,,,,,,,,,,,,,,,,,,,,,,,,,,,,,,,,,,,,,,,,,,,,,,,,,,,,,,,,,,,,,,,,,,,,,,,,,,,,,,,,,,,,,,,,,,,,,,,,,,,,,,,,,
2974,"Beaver Builder: Create a Design System for Your Wordpress Site",,product,external,0,99,,"Wordpress Plugins>Page Builder","Fastline Media LLC",,https://wpappsfomo.test/reviews/beaver-builder/,"2020-07-09 04:47:00",https://www.wpbeaverbuilder.com/?utm_expid=82857025-12.lTgZ_x1STniDBYg5MIL3JA.0,"Buy Now",,,,,,,,,,,,,,,,,,,,,,,,,,,,,,,,,,,,,,,,,,,,,,,,,,,,,,,,,,,,,,,,,,,,,,,,,,,,,,,,,,,,,,,,,,,,,,,,,,,,,,,,,,,,,,,,,,,,,,,,,,,,,,,,,,,,,,,,,,,,,,,,,,,,,,,,,,,,,,,,,,,,,,,,,,,,,,,,,,,,,,,,,,,,,,,,,,,,,,,,,,,,,,,,,,
2982,"SEMrush: Get Ahead of the Competition with this WordPress SEO Plugin",,product,external,0,120,,"Wordpress Plugins>SEO Plugin",SEMrush,,https://wpappsfomo.test/?post_type=product&p=2982,"2020-07-06 20:43:59",https://www.semrush.com/,"Buy Now",,,,,,,,,,,,,,,,,,,,,,,,,,,,,,,,,,,,,,,,,,,,,,,,,,,,,,,,,,,,,,,,,,,,,,,,,,,,,,,,,,,,,,,,,,,,,,,,,,,,,,,,,,,,,,,,,,,,,,,,,,,,,,,,,,,,,,,,,,,,,,,,,,,,,,,,,,,,,,,,,,,,,,,,,,,,,,,,,,,,,,,,,,,,,,,,,,,,,,,,,,,,,,,,,,
2986,"Slider Revolution: WordPress Slider Plugin with 250+ Pre-made Templates",,product,external,0,109,,"Wordpress Plugins>Carousel &amp; Gallery",Themepunch,,https://wpappsfomo.test/reviews/slider-revolution/,"2023-04-28 12:48:34",https://1.envato.market/Eaye1X,"Buy Now",,,,,,,,,,,,,,,,,,,,,,,,,,,,,,,,,,,,,,,,,,,,,,,,,,,,,,,,,,,,,,,,,,,,,,,,,,,,,,,,,,,,,,,,,,,,,,,,,,,,,,,,,,,,,,,,,,,,,,,,,,,,,,,,,,,,,,,,,,,,,,,,,,,,,,,,,,,,,,,,,,,,,,,,,,,,,,,,,,,,,,,,,,,,,,,,,,,,,,,,,,,,,,,,,,
2993,"iThemes Security Pro: Best Security Plugin for Wordpress",,product,external,0,99,,"Wordpress Plugins>Security Plugin",StellarWP,,https://wpappsfomo.test/reviews/ithemes-security-pro/,"2020-07-01 03:36:19",https://stellarwp.pxf.io/rnvxEd,"Buy Now",,,,,,,,,,,,,,,,,,,,,,,,,,,,,,,,,,,,,,,,,,,,,,,,,,,,,,,,,,,,,,,,,,,,,,,,,,,,,,,,,,,,,,,,,,,,,,,,,,,,,,,,,,,,,,,,,,,,,,,,,,,,,,,,,,,,,,,,,,,,,,,,,,,,,,,,,,,,,,,,,,,,,,,,,,,,,,,,,,,,,,,,,,,,,,,,,,,,,,,,,,,,,,,,,,
3001,"Protect Your Site with Wordfence WordPress Security Plugin",,product,external,0,119,,"Wordpress Plugins>Security Plugin","Defiant Inc",,https://wpappsfomo.test/reviews/wordfence/,"2020-07-02 09:28:44",https://wordpress.org/plugins/wordfence/,"Buy Now",,,,,,,,,,,,,,,,,,,,,,,,,,,,,,,,,,,,,,,,,,,,,,,,,,,,,,,,,,,,,,,,,,,,,,,,,,,,,,,,,,,,,,,,,,,,,,,,,,,,,,,,,,,,,,,,,,,,,,,,,,,,,,,,,,,,,,,,,,,,,,,,,,,,,,,,,,,,,,,,,,,,,,,,,,,,,,,,,,,,,,,,,,,,,,,,,,,,,,,,,,,,,,,,,,
3067,"Akismet: Secure Your Site from spam comments.",,product,external,0,8.33,,"Wordpress Plugins>Security Plugin",Automattic,,https://wpappsfomo.test/reviews/akismet/,"2020-07-20 17:44:16",https://akismet.com/,"Buy Now",,,,,,,,,,,,,,,,,,,,,,,,,,,,,,,,,,,,,,,,,,,,,,,,,,,,,,,,,,,,,,,,,,,,,,,,,,,,,,,,,,,,,,,,,,,,,,,,,,,,,,,,,,,,,,,,,,,,,,,,,,,,,,,,,,,,,,,,,,,,,,,,,,,,,,,,,,,,,,,,,,,,,,,,,,,,,,,,,,,,,,,,,,,,,,,,,,,,,,,,,,,,,,,,,,
3069,"WPML: Breaking the Language Barrier in WordPress with Multilingual Website",,product,external,0,99,,"Wordpress Plugins>Social Network &amp; Translation",onTheGoSystems,,https://wpappsfomo.test/reviews/wpml/,"2020-07-22 00:45:39",https://wpml.org/?aid=160510&affiliate_key=yFigoxbO1nvn,"Buy Now",,,,,,,,,,,,,,,,,,,,,,,,,,,,,,,,,,,,,,,,,,,,,,,,,,,,,,,,,,,,,,,,,,,,,,,,,,,,,,,,,,,,,,,,,,,,,,,,,,,,,,,,,,,,,,,,,,,,,,,,,,,,,,,,,,,,,,,,,,,,,,,,,,,,,,,,,,,,,,,,,,,,,,,,,,,,,,,,,,,,,,,,,,,,,,,,,,,,,,,,,,,,,,,,,,
3085,"Anti-Spam Pro: Plugin to Eliminate Spam in Wordpress Comments",,product,external,0,26,,"Wordpress Plugins>Security Plugin",webvitalii,,https://wpappsfomo.test/reviews/anti-spam-pro/,"2020-07-31 02:27:14",https://1.envato.market/5beQoD,"Buy Now",,,,,,,,,,,,,,,,,,,,,,,,,,,,,,,,,,,,,,,,,,,,,,,,,,,,,,,,,,,,,,,,,,,,,,,,,,,,,,,,,,,,,,,,,,,,,,,,,,,,,,,,,,,,,,,,,,,,,,,,,,,,,,,,,,,,,,,,,,,,,,,,,,,,,,,,,,,,,,,,,,,,,,,,,,,,,,,,,,,,,,,,,,,,,,,,,,,,,,,,,,,,,,,,,,
3087,"W3 Total Cache: The Key to Boosting Your Website's Performance",,product,external,0,8.25,,"Wordpress Plugins>Caching Plugin",BoldGrid,,https://wpappsfomo.test/reviews/w3-total-cache/,"2020-07-25 01:51:48",https://www.w3-edge.com/products/w3-total-cache,"Buy Now",,,,,,,,,,,,,,,,,,,,,,,,,,,,,,,,,,,,,,,,,,,,,,,,,,,,,,,,,,,,,,,,,,,,,,,,,,,,,,,,,,,,,,,,,,,,,,,,,,,,,,,,,,,,,,,,,,,,,,,,,,,,,,,,,,,,,,,,,,,,,,,,,,,,,,,,,,,,,,,,,,,,,,,,,,,,,,,,,,,,,,,,,,,,,,,,,,,,,,,,,,,,,,,,,,
3089,"WP Fastest Cache: Best Caching and Performance Plugin for Wordpress",,product,external,0,49,,"Wordpress Plugins>Caching Plugin","WP Fastest Cache",,https://wpappsfomo.test/reviews/wp-fastest-cache/,"2020-07-22 02:40:46",https://www.wpfastestcache.com/,"Buy Now",,,,,,,,,,,,,,,,,,,,,,,,,,,,,,,,,,,,,,,,,,,,,,,,,,,,,,,,,,,,,,,,,,,,,,,,,,,,,,,,,,,,,,,,,,,,,,,,,,,,,,,,,,,,,,,,,,,,,,,,,,,,,,,,,,,,,,,,,,,,,,,,,,,,,,,,,,,,,,,,,,,,,,,,,,,,,,,,,,,,,,,,,,,,,,,,,,,,,,,,,,,,,,,,,,
3103,"Protecting Your Site with WP Cerber: A Detailed Review",,product,external,0,39,,"Wordpress Plugins>Security Plugin","Cerber Tech Inc",,https://wpappsfomo.test/reviews/wp-cerber/,"2020-07-10 03:44:08",https://wpcerber.com/,"Buy Now",,,,,,,,,,,,,,,,,,,,,,,,,,,,,,,,,,,,,,,,,,,,,,,,,,,,,,,,,,,,,,,,,,,,,,,,,,,,,,,,,,,,,,,,,,,,,,,,,,,,,,,,,,,,,,,,,,,,,,,,,,,,,,,,,,,,,,,,,,,,,,,,,,,,,,,,,,,,,,,,,,,,,,,,,,,,,,,,,,,,,,,,,,,,,,,,,,,,,,,,,,,,,,,,,,
3111,"WOOF: Woocommerce Product Filtering Made Easy",,product,external,0,42,19,"Wordpress Plugins>E-commerce",PluginUs.Net,,https://wpappsfomo.test/reviews/woof/,"2020-07-16 12:34:09",https://1.envato.market/kjn3Yv,"Buy Now",,,,,,,,,,,,,,,,,,,,,,,,,,,,,,,,,,,,,,,,,,,,,,,,,,,,,,,,,,,,,,,,,,,,,,,,,,,,,,,,,,,,,,,,,,,,,,,,,,,,,,,,,,,,,,,,,,,,,,,,,,,,,,,,,,,,,,,,,,,,,,,,,,,,,,,,,,,,,,,,,,,,,,,,,,,,,,,,,,,,,,,,,,,,,,,,,,,,,,,,,,,,,,,,,,
3119,"Hide My WP Plugin: Secure Your WordPress Site from hackers",,product,external,0,29,,"Wordpress Plugins>Security Plugin",wpWave,,https://wpappsfomo.test/?post_type=product&p=3119,"2020-07-27 17:14:49",https://1.envato.market/e4oMYZ,"Buy Now",,,,,,,,,,,,,,,,,,,,,,,,,,,,,,,,,,,,,,,,,,,,,,,,,,,,,,,,,,,,,,,,,,,,,,,,,,,,,,,,,,,,,,,,,,,,,,,,,,,,,,,,,,,,,,,,,,,,,,,,,,,,,,,,,,,,,,,,,,,,,,,,,,,,,,,,,,,,,,,,,,,,,,,,,,,,,,,,,,,,,,,,,,,,,,,,,,,,,,,,,,,,,,,,,,
3163,"Scrapes: Automate Content Creation and Scraping Plugin for Wordpress",,product,external,0,19,,"Wordpress Plugins>Miscellaneous",Octolooks,,https://wpappsfomo.test/reviews/scrapes/,"2020-07-03 23:00:14",https://octolooks.com/wordpress-auto-post-and-crawler-plugin-scrapes/,"Buy Now",,,,,,,,,,,,,,,,,,,,,,,,,,,,,,,,,,,,,,,,,,,,,,,,,,,,,,,,,,,,,,,,,,,,,,,,,,,,,,,,,,,,,,,,,,,,,,,,,,,,,,,,,,,,,,,,,,,,,,,,,,,,,,,,,,,,,,,,,,,,,,,,,,,,,,,,,,,,,,,,,,,,,,,,,,,,,,,,,,,,,,,,,,,,,,,,,,,,,,,,,,,,,,,,,,
3167,"Ajax Search Pro: The Best Live Ajax Search Plugin for WordPress",,product,external,0,39,,"Wordpress Plugins>Miscellaneous",WPDreams,,https://wpappsfomo.test/reviews/ajax-search-pro/,"2020-07-31 06:03:12",https://1.envato.market/LPvq73,,,,,,,,,,,,,,,,,,,,,,,,,,,,,,,,,,,,,,,,,,,,,,,,,,,,,,,,,,,,,,,,,,,,,,,,,,,,,,,,,,,,,,,,,,,,,,,,,,,,,,,,,,,,,,,,,,,,,,,,,,,,,,,,,,,,,,,,,,,,,,,,,,,,,,,,,,,,,,,,,,,,,,,,,,,,,,,,,,,,,,,,,,,,,,,,,,,,,,,,,,,,,,,,,,,
3177,"WP Data tables: The Best Tool for Displaying Your Data Tables in Wordpress",,product,external,0,210,,"Wordpress Plugins>Page Builder","tms plugins",,https://wpappsfomo.test/reviews/wp-data-tables/,"2020-07-25 23:20:27",https://1.envato.market/RyOdJa,"Buy Now",,,,,,,,,,,,,,,,,,,,,,,,,,,,,,,,,,,,,,,,,,,,,,,,,,,,,,,,,,,,,,,,,,,,,,,,,,,,,,,,,,,,,,,,,,,,,,,,,,,,,,,,,,,,,,,,,,,,,,,,,,,,,,,,,,,,,,,,,,,,,,,,,,,,,,,,,,,,,,,,,,,,,,,,,,,,,,,,,,,,,,,,,,,,,,,,,,,,,,,,,,,,,,,,,,
3183,"Content Egg: WordPress Plugin to Maximize Your Affiliate Strategy",,product,external,0,55,,"Wordpress Plugins>Affiliate","Keyword Rush",,https://wpappsfomo.test/reviews/content-egg/,"2020-08-02 03:38:29",https://1.envato.market/4ern6M,"Buy Now",,,,,,,,,,,,,,,,,,,,,,,,,,,,,,,,,,,,,,,,,,,,,,,,,,,,,,,,,,,,,,,,,,,,,,,,,,,,,,,,,,,,,,,,,,,,,,,,,,,,,,,,,,,,,,,,,,,,,,,,,,,,,,,,,,,,,,,,,,,,,,,,,,,,,,,,,,,,,,,,,,,,,,,,,,,,,,,,,,,,,,,,,,,,,,,,,,,,,,,,,,,,,,,,,,
3195,"WordPress Real Media Library: Organize Your Media Library into Folders",,product,external,0,39,,"Wordpress Plugins>Miscellaneous",devowl.io,,https://wpappsfomo.test/reviews/wordpress-real-media-library/,"2020-08-01 05:50:57",https://1.envato.market/DVEg7G,,,,,,,,,,,,,,,,,,,,,,,,,,,,,,,,,,,,,,,,,,,,,,,,,,,,,,,,,,,,,,,,,,,,,,,,,,,,,,,,,,,,,,,,,,,,,,,,,,,,,,,,,,,,,,,,,,,,,,,,,,,,,,,,,,,,,,,,,,,,,,,,,,,,,,,,,,,,,,,,,,,,,,,,,,,,,,,,,,,,,,,,,,,,,,,,,,,,,,,,,,,,,,,,,,,
3197,"Yellow Pencil: Effortlessly Create Stunning WordPress Websites with Visually",,product,external,0,26,,"Wordpress Plugins>Page Builder","Wasp Themes",,https://wpappsfomo.test/reviews/yellow-pencil/,"2020-07-18 16:14:34",https://1.envato.market/9W1P0Y,,,,,,,,,,,,,,,,,,,,,,,,,,,,,,,,,,,,,,,,,,,,,,,,,,,,,,,,,,,,,,,,,,,,,,,,,,,,,,,,,,,,,,,,,,,,,,,,,,,,,,,,,,,,,,,,,,,,,,,,,,,,,,,,,,,,,,,,,,,,,,,,,,,,,,,,,,,,,,,,,,,,,,,,,,,,,,,,,,,,,,,,,,,,,,,,,,,,,,,,,,,,,,,,,,,
3207,"Mailster: Maximize Your Email Marketing with this Email Marketing Plugin",,product,external,0,89,,"Wordpress Plugins>Social Network &amp; Translation",EverPress,,https://wpappsfomo.test/reviews/mailster/,"2020-07-06 13:13:35",https://1.envato.market/jWE3Yb,"Buy Now",,,,,,,,,,,,,,,,,,,,,,,,,,,,,,,,,,,,,,,,,,,,,,,,,,,,,,,,,,,,,,,,,,,,,,,,,,,,,,,,,,,,,,,,,,,,,,,,,,,,,,,,,,,,,,,,,,,,,,,,,,,,,,,,,,,,,,,,,,,,,,,,,,,,,,,,,,,,,,,,,,,,,,,,,,,,,,,,,,,,,,,,,,,,,,,,,,,,,,,,,,,,,,,,,,
3291,"The SEO-Friendly WordPress Theme for Bloggers :Theme X",,product,external,0,79,,"Wordpress Themes>Multipurpose",Themeco,,https://wpappsfomo.test/reviews/x-theme/,"2023-05-01 14:04:17",https://1.envato.market/YgqmWm,"Buy Now",,,,,,,Yes,,,,,,,,,,,,,,,,,,,,,The7,,,,,,,,,,,,,,,,,,,,,,,,,,,,,,,,,,,,,,,,,,,,,,,,,,,,,,,,,,,,,,,,,,,,,,,,,,,,,,N/A,,,,,,,,,Yes,,,,,,,,,,,,,,,,,,,,,,,"One-time Payment",,,,,,,,,,,,,,,,,,,,,,"1 Site",,,,,,,,,,,,,,,,"Support Ticket",,,Custom,,,,,,,,,,Customizability,,,,,,,,,,,,,,,,,,,,,
3293,"Newspaper Theme: Most Favourite Theme for Your News and Magazine Websites",,product,external,0,59,,"Wordpress Themes>Blog / Magazine",tagDiv,,https://wpappsfomo.test/reviews/newspaper/,"2020-07-18 14:32:47",https://1.envato.market/MXDda3,"Buy Now",,,,,,,No,,,,,,,,,,,,,,,,,,,,,NewsMag,,,,,,,,,,,,,,,,,,,,,,,,,,,,,,,,,,,,,,,,,,,,,,,,,,,,,,,,,,,,,,,,,,,,,,,,,,,,,,N/A,,,,,,,,,Yes,,,,,,,,,,,,,,,,,,,,,,,"One-time Payment",,,,,,,,,,,,,,,,,,,,,,"1 Site",,,,,,,,,,,,,,,,"Support Ticket",,,"Custom,Gutenberg",,,,,,,,,,"Made for News &amp; Magazine Sites",,,,,,,,,,,,,,,,,,,,,
3297,"The7: The Ultimate Multipurpose WordPress Theme for Business",,product,external,0,39,,"Wordpress Themes>Corporate","Dream Theme",,https://wpappsfomo.test/reviews/the7/,"2020-07-06 13:40:15",https://1.envato.market/KeqdkA,"Buy Now",,,,,,,No,,,,,,,,,,,,,,,,,,,,,"Theme X",,,,,,,,,,,,,,,,,,,,,,,,,,,,,,,,,,,,,,,,,,,,,,,,,,,,,,,,,,,,,,,,,,,,,,,,,,,,,,N/A,,,,,,,,,Yes,,,,,,,,,,,,,,,,,,,,,,,"One-time Payment",,,,,,,,,,,,,,,,,,,,,,"1 Site",,,,,,,,,,,,,,,,"Support Ticket",,,"Elementor,WP Bakery",,,,,,,,,,"Best for Woocommerce",,,,,,,,,,,,,,,,,,,,,
3301,"Jupiter Theme: The Fastest and Lightest Multi-Purpose Theme",,product,external,0,59,,"Wordpress Themes>Blog / Magazine","Artbees Themes",,https://wpappsfomo.test/reviews/jupiter-theme/,"2020-07-12 15:14:49",https://1.envato.market/DVbdDo,"Buy Now",,,,,,,No,,,,,,,,,,,,,,,,,,,,,"Astra,Avada",,,,,,,,,,,,,,,,,,,,,,,,,,,,,,,,,,,,,,,,,,,,,,,,,,,,,,,,,,,,,,,,,,,,,,,,,,,,,,N/A,,,,,,,,,Yes,,,,,,,,,,,,,,,,,,,,,,,"One-time Payment",,,,,,,,,,,,,,,,,,,,,,"1 Site",,,,,,,,,,,,,,,,"Support Ticket",,,"Gutenberg,Elementor",,,,,,,,,,"Woocommerce Customization",,,,,,,,,,,,,,,,,,,,,
3307,"Publisher Theme: The Best WordPress Themes for News, Publishers and Magazines",,product,external,0,69,,"Wordpress Themes>Blog / Magazine",BetterStudio,,https://wpappsfomo.test/reviews/publisher-theme/,"2020-07-02 19:25:41",https://betterstudio.com/,"Buy Now",,,,,,,Yes,,,,,,,,,,,,,,,,,,,,,,,,,,,,,,,,,,,,,,,,,,,,,,,,,,,,,,,,,,,,,,,,,,,,,,,,,,,,,Yes,,,,,,,,,,,,,"WordPress License",,,,,,,,,"14 Days",,,,,,,,,,,,,,,,,,,,,,,,,,,,,,,,Yearly,,,,,,,,,,,,,,,,,,,,,,,,,,,,,,,,,,,,,,"Email,Support Ticket,Live Chat",,,,,,,,,,,,,,,,,,,,,,,,,,,,,,,,,,
3309,"REHub: The Best Wordpress Theme for Affiliate Marketing",,product,external,0,59,,"Wordpress Themes>Blog / Magazine","Sizam Designs",,https://wpappsfomo.test/reviews/rehub/,"2020-07-18 00:38:54",https://1.envato.market/5bM0O9,"Buy Now",,,,,,,Yes,,,,,,,,,,,,,,,,,,,,,Divi|Generatepress,,,,,,,,,,,,,,,,,,,,,,,,,,,,,,,,,,,,,,,,,,,,,,,,,,,,,,,,,,,,,,,,,,,,,,,,,,,,,,N/A,,,,,,,,,,,,,,,,,,,,,,,,,,,,,,,,"One-time Payment",,,,,,,,,,,,,,,,,,,,,,"1 Site",,,,,,,,,,,,,,,,"Support Ticket",,,,,,,,,,,,,,,,,,,,,,,,,,,,,,,,,,
3313,"Eduma: The Best eLearning and LMS Theme for Wordpress",,product,external,0,69,,"Wordpress Themes>Education &amp; Non profit",ThimPress,,https://wpappsfomo.test/reviews/eduma/,"2020-07-25 20:54:41",https://1.envato.market/P0L97M,"Buy Now",,,,,,,Yes,,,,,,,,,,,,,,,,,,,,,EducationPress,,,,,,,,,,,,,,,,,,,,,,,,,,,,,,,,,,,,,,,,,,,,,,,,,,,,,,,,,,,,,,,,,,,,,,,,,,,,,,N/A,,,,,,,,,Yes,,,,,,,,,,,,,,,,,,,,,,,"One-time Payment",,,,,,,,,,,,,,,,,,,,,,"1 Site",,,,,,,,,,,,,,,,"Support Ticket",,,"Gutenberg,Elementor",,,,,,,,,,"For LMS, Training Center, Courses Hub",,,,,,,,,,,,,,,,,,,,,
3325,"Enfold: Multi-Purpose Theme to Design Your Dream Website",,product,external,0,59,,"Wordpress Themes>Blog / Magazine",Kriesi,,https://wpappsfomo.test/reviews/enfold/,"2020-07-31 19:42:36",https://1.envato.market/x926AA,"Buy Now",,,,,,,No,,,,,,,,,,,,,,,,,,,,,"Be Theme",,,,,,,,,,,,,,,,,,,,,,,,,,,,,,,,,,,,,,,,,,,,,,,,,,,,,,,,,,,,,,,,,,,,,,,,,,,,,,N/A,,,,,,,,,Yes,,,,,,,,,,,,,,,,,,,,,,,"One-time Payment",,,,,,,,,,,,,,,,,,,,,,"1 Site",,,,,,,,,,,,,,,,"Support Ticket",,,Custom,,,,,,,,,,"Simple &amp; Minimal",,,,,,,,,,,,,,,,,,,,,
3327,"BeTheme: Best Multipurpose Wordpress Theme | 650+ Templates",,product,external,0,60,,"Wordpress Themes>Corporate","Muffin Group",,https://wpappsfomo.test/reviews/be-theme/,"2023-04-25 12:08:35",https://1.envato.market/rnzNAQ,"Buy Now",,,,,,,No,,,,,,,,,,,,,,,,,,,,,"Astra,Divi",,,,,,,,,,,,,,,,,,,,,,,,,,,,,,,,,,,,,,,,,,,,,,,,,,,,,,,,,,,,,,,,,,,,,,,,,,,,,,N/A,,,,,,,,,Yes,,,,,,,,,,,,,,,,,,,,,,,"One-time Payment",,,,,,,,,,,,,,,,,,,,,,"1 Site",,,,,,,,,,,,,,,,"Email,Support Ticket,Live Chat,Forum",,,"Custom,Elementor",,,,,,,,,,"Large Collection of Demos",,,,,,,,,,,,,,,,,,,,,
3341,"WYZI Business Finder: Create Your Online Directory",,product,external,0,59,,"Wordpress Themes>Corporate",,,https://wpappsfomo.test/reviews/wyzi-business-finder/,"2020-07-26 17:18:31",https://1.envato.market/kjn3Yx,"Buy Now",,,,,,,,,,,,,,,,,,,,,,,,,,,,,,,,,,,,,,,,,,,,,,,,,,,,,,,,,,,,,,,,,,,,,,,,,,,,,,,,,,,,,,,,,,,,,,,,,,,,,,,,,,,,,,,,"Directory and listings",,,,,,,,,,,,,,,,,,,,,,,,,,,,,,,,,,,,,,,,,,,,,,,,,,,,,,,,,,,,,,,,,,,,,,,,,,,,,,,,,,,,,,,,,,,,,,,,,,
3365,"Woffice: Unleashing the Full Potential of Your WordPress Site",,product,external,0,79,,"Wordpress Themes>Corporate",,,https://wpappsfomo.test/reviews/woffice/,"2020-07-25 14:15:19",https://1.envato.market/4eWxg3,"Buy Now",,,,,"6 Premium Plugin",,,,,,,,,,,,,,Alkaweb,,,,,,,,,,,,,,,,,,,,,,,,,,,,,,,,,,,,,,,,,,,,,"Baptiste Debever",,,,,,,,,,,,,,,,,,,,,,,,,"1 month ago",,,,,,,,,,,,,Themeforest,,,,,,,,,,Buddypress,,,,,,,,,,,,,,,,,,,,,,,,,,,,,,,,,,,,,,,11-11-2020,,,,,,,,,"Single site",,,,,,,,,,,,,,,"6 months","Forum|Support tickets",,,,,,20,,,,,,,,,,,,,,,,,,,,,,,,,,Latest,,
3371,"WPLMS: Transform Your Wordpress Site into a Learning Management System",,product,external,0,75,,"Wordpress Themes>Education &amp; Non profit",,,https://wpappsfomo.test/reviews/wplms/,"2020-07-17 03:38:40",https://1.envato.market/NK6v21,"Buy Now",,,,,"5 Premium plugins",,,,,,,,,,,,,,,,,,,,,,,,,,,,,,,,,,,,,,,,,,,,,,,,,,,,,,,,,,,Default,,,,,,,,,,,,,,,,,,,,,,,,,"1 month ago",,,,,,,,,,,,,Themeforest,,,,,,,,,,Education,,,,,,,,,,,,,,,,,,,,,,,,,,,,,,,,,,,,,,,16-10-2020,,,,,,,,,"Single site",,,,,,,,,,,,,,,"6 months",FAQ,,,,,,3,,,,,,,,,,,,,,,,,,,,,,,,,,Latest,,
3373,"EducationPress: Best Wordpress Theme for Learning and Course Management",,product,external,0,59,,"Wordpress Themes>Education &amp; Non profit",Themecycle,,https://wpappsfomo.test/?post_type=product&p=3373,"2020-07-26 00:00:17",https://1.envato.market/MXNvgn,"Buy Now",,,,,,,No,,,,,,,,,,,,,,,,,,,,,Eduma,,,,,,,,,,,,,,,,,,,,,,,,,,,,,,,,,,,,,,,,,,,,,,,,,,,,,,,,,,,,,,,,,,,,,,,,,,,,,,N/A,,,,,,,,,Yes,,,,,,,,,,,,,,,,,,,,,,,"One-time Payment",,,,,,,,,,,,,,,,,,,,,,"1 Site",,,,,,,,,,,,,,,,"Support Ticket",,,Custom,,,,,,,,,,"Best for LMS, Courses",,,,,,,,,,,,,,,,,,,,,
3389,"Oxygen: Take Your Woocommerce Shop to the Next Level",,product,external,0,59,,"Wordpress Themes>e-commerce","Laborator Themes LLC",,https://wpappsfomo.test/reviews/oxygen/,"2023-04-27 08:19:48",https://1.envato.market/9WJj2E,"Buy Now",,,,,,,No,,,,,,,,,,,,,,,,,,,,,"Elementor, Beaver Builder, Brizy",,,,,,,,,,,,,,,,,,,,,,,,,,,,,,,,,,,,,,,,,,,,,,,,,,,,,,,,,,,,,,,,,,,,,,,,,,,,,,N/A,,,,,,,,,Yes,,,,,,,,,,,,,,,,,,,,,,,"One-time Payment",,,,,,,,,,,,,,,,,,,,,,"1 Site",,,,,,,,,,,,,,,,"Support Ticket",,,"WP Bakery",,,,,,,,,,"Woocommerce Customization",,,,,,,,,,,,,,,,,,,,,
3430,"Thrive Theme Builder: Creating a Customized WordPress Site",,product,external,0,299,,"Wordpress Themes>Multipurpose","Thrive Themes",,https://wpappsfomo.test/reviews/thrive/,"2020-08-02 02:20:14",https://1.envato.market/KeZvPe,"Buy Now",,,,,,,Yes,,,,,,,,,,,,,,,,,,,,,Oxygen,,,,,,,,,,,,,,,,,,,,,,,,,,,,,,,,,,,,,,,,,,,,,,,,,,,,,,,,,,,,,,,,,,,,,,,,,,,,,,"30+ Days",,,,,,,,,Yes,,,,,,,,,,,,,,,,,,,,,,,Yearly,,,,,,,,,,,,,,,,,,,,,,"1 Site",,,,,,,,,,,,,,,,"Support Ticket,Live Chat",,,Custom,,,,,,,,,,"Conversion Suite",,,,,,,,,,,,,,,,,,,,,
3465,"Bellevue: The Best WordPress Theme for Automating the Booking Process",,product,external,0,59,,"Wordpress Themes>Corporate",Themovation,,https://wpappsfomo.test/reviews/bellevue/,"2020-07-10 08:53:16",https://1.envato.market/a1W9Lo,"Buy Now",,,,,,,No,,,,,,,,,,,,,,,,,,,,,Zante,,,,,,,,,,,,,,,,,,,,,,,,,,,,,,,,,,,,,,,,,,,,,,,,,,,,,,,,,,,,,,,,,,,,,,,,,,,,,,N/A,,,,,,,,,Yes,,,,,,,,,,,,,,,,,,,,,,,"One-time Payment",,,,,,,,,,,,,,,,,,,,,,"1 Site",,,,,,,,,,,,,,,,"Support Ticket,Live Chat",,,Elementor,,,,,,,,,,"Hotel Booking System",,,,,,,,,,,,,,,,,,,,,
3580,"Avada Theme: Design and Build Custom Websites in Wordpress",,product,external,0,69,,"Wordpress Themes>Page Builder",ThemeFusion,,https://wpappsfomo.test/reviews/avada/,"2020-09-02 11:39:59",https://1.envato.market/Vy6vQM,"Buy Now",,,,,,,No,,,,,,,,,,,,,,,,,,,,,"Astra,Divi",,,,,,,,,,,,,,,,,,,,,,,,,,,,,,,,,,,,,,,,,,,,,,,,,,,,,,,,,,,,,,,,,,,,,,,,,,,,,,N/A,,,,,,,,,Yes,,,,,,,,,,,,,,,,,,,,,,,"One-time Payment",,,,,,,,,,,,,,,,,,,,,,"1 Site",,,,,,,,,,,,,,,,"Support Ticket,Live Chat",,,Custom,,,,,,,,,,"Highly Customizable",,,,,,,,,,,,,,,,,,,,,
3583,"Yoast SEO: The Ultimate SEO Plugin for WordPress",,product,external,0,99,,"Wordpress Plugins>SEO Plugin","Yoast BV",,https://wpappsfomo.test/reviews/yoast-seo/,"2020-09-03 04:39:08",https://yoast.com/wordpress/plugins/seo/,"Buy Now",,,,,,,,,,,,,,,,,,,,,,,,,,,,,,,,,,,,,,,,,,,,,,,,,,,,,,,,,,,,,,,,,,,,,,,,,,,,,,,,,,,,,,,,,,,,,,,,,,,,,,,,,,,,,,,,,,,,,,,,,,,,,,,,,,,,,,,,,,,,,,,,,,,,,,,,,,,,,,,,,,,,,,,,,,,,,,,,,,,,,,,,,,,,,,,,,,,,,,,,,,,,,,,,,,
6206,"Cloudflare: Free Global CDN and Security for your website",,product,external,0,20,,"SaaS>Hosting &amp; Cloud Services",,,https://wpappsfomo.test/reviews/cloudflare/,"2020-11-09 06:10:49",https://www.cloudflare.com/,"Sign Up",,,,,,,Yes,,,,,,,,,,,,,,,,,,,,,,,,,,,,USA,,,,,,,,,,,,,,,,,,,,,,,,,,,,,,,,,,,,"Free Tier",,,,,,,,,,,2009,,Wordpress,,,,,,,,,,,,,N/A,,,,,,,"Not Available",,,,,,,,,,,,,,,,,,,,,,,,,,,,,,,,,,,,,,,,,,,,,,,Nov-21,,,,,,,,,,,,,,,,,,,,,,,,,,"Email|Live Chat","Web Based",,,,,,,,,,,,,,,,,,,,,,,,,,,,,,,,
6255,"cPanel: Control Panel to Manage Your Hosting Easily",,product,external,0,20,,"Web Panels",,,https://wpappsfomo.test/reviews/cpanel/,"2020-11-13 18:14:57",https://cpanel.net/,,,,,,,,,,,,,,,,,,,,,,,,,,,,,,,,,,,,,,,,,,,,,,,,,,,,,,,,,,,,,,,,,,,,,,,,Cpanel,,,,,,,,,,,,,,,,,,,,,,,,,,,,,,,,,,,,,,,,,,,,,,,,,,,,,,,,,,,,,,,,,,,,,,,,,,,,,,,Cpanel,,,,,,,,,,,,,,,,,,,,,,,,,,,,,,,,,,,,,,,,,,,,,,,,,,,,,,,,,,,,
6408,"BunnyCDN: Most Affordable Content Delivery Network Starting at $1",,product,external,0,1,,"SaaS>Hosting &amp; Cloud Services",BunnyWay,,https://wpappsfomo.test/reviews/bunnycdn/,"2020-11-12 05:12:04",https://bunny.net/?ref=hwp33ga9nq,"Sign Up",,,,,,,Yes,,,,,,,,,,,,,,,,,,,,,,,,,,,,Slovenia,,,,,,,,,,,,,,,,,,,,,,,,,,,,,,,,,,,,"Free Trial",,,,,,,,,,,2015,,"Cloud Storage providers|CMS Websites|Wordpress",,,,,,,,,,,,,N/A,,,,,,,"Not Available",,,,,,,,,,,,,,,,,,,,,,,,,,,,,,,,,,,,,,,,,,,,,,,"March 2023",,,,,,,,,,,,,,,,,,,,,,,,,,Email|Ticketing,"Web Based",,,,,,,,,,,,,,,,,,,,,,,,,,,,,,,,
6419,"SiteGround Web Hosting: Fastest and Reliable Wordpress Hosting",,product,external,0,3.99,,Hosting,SiteGround,,https://wpappsfomo.test/reviews/siteground/,"2020-11-12 11:03:15",https://www.siteground.com/index.htm?afcode=141d3f76b9dc0ff488e3e8f379ef4636,"Buy Now",,,,,,,,,,,,,,,,,,,,,,,,,,,,,,,,,,,,,,,,,,,,,,,,,,,,,,,,,,,,,,,,,,,,,,,,,,,,,,,,,,,,,,,,,,,,,,,,,,,,,,,,,,,,,,,,,,,,,,,,,,,,,,,,,,,,,,,,,,,,,,,,,,,,,,,,,,,,,,,,,,,,,,,,,,,,,,,,,,,,,,,,,,,,,,,,,,,,,,,,,,,,,,,,,,
6427,"Bluehost Web Hosting: Affordable & Reliable Wordpress Hosting",,product,external,0,2.95,,Hosting,,,https://wpappsfomo.test/reviews/bluehost/,"2020-11-12 11:42:49",https://www.bluehost.com/,"Buy Now",,,,,,,,,,,,,,,,,,,,,,,,Cloudflare,,,,,,,,cPanel,,,,,,,,,,,,,,,,,,,,,,,,,,,,,,,,,,,,,,,,,,,,,,,,,,,,,,,,,,2003,,,,,,,,,,,,,,,,,,,,,,,,,,,,,,,,,,,,,,,,,,,,,,,,,,,,,,,,,,,,,,,,,,,,,,,,,,,,,,,,,,,,"Call|Email Support 24*7|Live Chat|Support Ticket",,,,,,,,,,,,,,,,,,,,,,,,,,,,"Bluehost Builder",,,,,,,,
6488,"Plesk: Most User friendly Control Panel to Simplify Your Web Hosting",,product,external,0,9.17,8.25,"Web Panels",,,https://wpappsfomo.test/reviews/plesk/,"2020-11-16 09:14:41",https://www.plesk.com/,"Buy Now",,,,,,,,,,,,,,,,,,,,,,,,,,,,,,,,,,,,,,,,,,,,,,,,,,,,,,,,,,,,,,,,,,,,,,,"Not Available",,,,,,,,,,,,,,,,,,,,,,,,,,,,,,,,,,,,,,,,,,,,,,,,,,,,,,,,,,,,,,,,,,,,,,,,,,,,,,,"August 1, 2011",,,,,,,,,,,,,,,,,,,,,,,,,,,,,,,,,,,,,,,,,,,,,,,,,,,,,,,,,,,,
6537,"Plutio : The Ultimate Business Management App",,product,external,0,19,,"SaaS>Project Management",Plutio,,https://wpappsfomo.test/reviews/plutio/,"2020-11-17 07:08:15",https://www.plutio.com/,"Sign Up",,,,,,,Yes,,,,,,,,,,,,,,,,,,,,,,,,,,,,London,,,,,,,,,,,,,,,,,,,,,,,,,,,,,,,,,,,,"Free Tier",,,,,,,,,,,2015,,"Integromat|Pably|PayPal|Project Cards|Stripe|Zapier",,,,,,,,,,,,,Appsumo,,,,,,,Available,,,,,,,,,,,,,,,,,,,,,,,,,,,,,,,,,,,,,,,,,,,,,,,"August 2023",,,,,,,,,,,,,,,,,,,,,,,,,,"Email|Live Chat","Android|Web Based|Windows",,,,,,,,,,,,,,,,,,,,,,,,,,,,,,,,
6622,"CiuisCRM: The Best Self-Hosted CRM Solution for Small Businesses",,product,external,0,45,,"Customer Relationship Management|PHP Scripts",SuiseSoft,,https://wpappsfomo.test/reviews/ciuiscrm/,"2020-11-17 10:20:14",https://1.envato.market/QOYMg6,"Buy Now",,,,,"HR Module|Mollie Addon",,No,,,,,,,,,,,,SuiseSoft,,,,,,,,,,,,,,,,,,,,,,,,,,,,Excellent,,,,,,,,,,,,,,,,,"Rohit Sharma",,,,,,,"Not Available",,,,,,,,,,,2016,,PayPal|Stripe,,,,,,,,,,,,,Appsumo,,,,,Codecanyon,,,,"60 days",,,,,,,,,,,,,,,,,,,,,,,,,,,,,,,,,,,,,,,,,,,,,"April 2023",,,,,,,,,,,,,,,,,,,,,,,"Live Chat",,,,,,,,,,,,,,,,,,,,,,,,,,,,,,,,,,,,
6645,"Mailchimp: Is this Popular Email Marketing Tool Right for Your Business?",,product,external,0,9,,"SaaS>Marketing and Sales",Mailchimp,,https://wpappsfomo.test/reviews/mailchimp/,"2020-11-19 10:47:42",https://shop.appsfomo.com/p/cWPi/r,"Sign Up",,,,,,,Yes,,,,,,,,,,,,,,,,,,,,,,,,,,,,USA,,,,,,,,,,,,,,,,,,,,,,,,,,,,,,,,,,,,"Free Tier",,,,,,,,,,,2001,,shopify|Stripe|WooCommerce,,,,,,,,,,,,,N/A,,,,,,,Available,,,,,,,,,,,,,,,,,,,,,,,,,,,,,,,,,,,,,,,,,,,,,,,Nov-21,,,,,,,,,,,,,,,,,,,,,,,,,,"Email|Live Chat","Android|Web Based|Windows",,,,,,,,,,,,,,,,,,,,,,,,,,,,,,,,
6938,"SendGrid: Email Marketing Application. Is it Worth the Hype?",,product,external,0,19.95,,"SaaS>Marketing and Sales",SendGrid,,https://wpappsfomo.test/reviews/sendgrid/,"2020-11-24 12:55:34",https://sendgrid.com/,"Sign Up",,,,,,,Yes,,,,,,,,,,,,,,,,,,,,,,,,,,,,USA,,,,,,,,,,,,,,,,,,,,,,,,,,,,,,,,,,,,"Free Tier",,,,,,,,,,,2009,,"Amazon Web Services|Google Cloud Platform|Microsoft Azure",,,,,,,,,,,,,N/A,,,,,,,Available,,,,,,,,,,,,,,,,,,,,,,,,,,,,,,,,,,,,,,,,,,,,,,,"October 23",,,,,,,,,,,,,,,,,,,,,,,,,,"Email|Live Chat","Android|Web Based",,,,,,,,,,,,,,,,,,,,,,,,,,,,,,,,
8302,"Hestia: Best One-Page Theme Compatible with Major Page Builders",,product,external,0,69,,"Wordpress Themes>Multipurpose",Themeisle,,https://wpappsfomo.test/reviews/hestia/,"2021-01-06 06:11:10",https://themeisle.com/themes/hestia/,"Buy Now",,,,,,,Yes,,,,,,,,,,,,,,,,,,,,,Generatepress,,,,,,,,,,,,,,,,,,,,,,,,,,,,,,,,,,,,,,,,,,,,,,,,,,,,,,,,,,,,,,,,,,,,,,,,,,,,,,"30+ Days",,,,,,,,,Yes,,,,,,,,,,,,,,,,,,,,,,,Yearly,,,,,,,,,,,,,,,,,,,,,,"1 Site,3+ Sites,Unlimited Sites",,,,,,,,,,,,,,,,"Support Ticket,Live Chat",,,"Gutenberg,Elementor",,,,,,,,,,"Slick Material Design",,,,,,,,,,,,,,,,,,,,,
8314,"OceanWP: Responsive and Customizable WordPress Theme",8314,product,external,0,43,,"Wordpress Themes>Multipurpose","OceanWp LLC",,https://wpappsfomo.test/reviews/oceanwp/,"2021-01-05 16:26:54",https://oceanwp.org/,"Buy Now",,,,,,,Yes,,,,,,,,,,,,,,,,,,,,,Astra,,,,,,,,,,,,,,,,,,,,,,,,,,,,,,,,,,,,,,,,,,,,,,,,,,,,,,,,,,,,,,,,,,,,,,,,,,,,,,"14 Days",,,,,,,,,Yes,,,,,,,,,,,,,,,,,,,,,,,"Yearly,One-time Payment",,,,,,,,,,,,,,,,,,,,,,"3 Sites,5+ Sites,50+ Sites",,,,,,,,,,,,,,,,"Support Ticket,Live Chat",,,"Gutenberg,Elementor,Beaver Builder",,,,,,,,,,"Very Generous Free Plan",,,,,,,,,,,,,,,,,,,,,
8336,"ShopIsle: Premium WooCommerce Theme for Your Webshop",,product,external,0,,,"Wordpress Themes>e-commerce",Themeisle,,https://wpappsfomo.test/reviews/shopisle/,"2021-01-06 07:57:12",https://themeisle.com/themes/shop-isle-pro/#pricing,"Buy Now",,,,,,,,,,,,,,,,,,,,,,,,,,,,Porto,,,,,,,,,,,,,,,,,,,,,,,,,,,,,,,,,,,,,,,,,,,,,,,,,,,,,,,,,,,,,,,,,,,,,,,,,,,,,,,,,,,,,,,Yes,,,,,,,,,,,,,,,,,,,,,,,"Annual subscription|Lifetime updates",,,,,,,,,,,,,,,,,,,,,,"3 Sites|Single site|Unlimited",,,,,,,,,,,,,,,,,,,Elementor,,,,,,,,,,"Made for Woocommerce",,,,,,,,,,,,,,,,,,,,,
8340,"BetterDocs: Provide Faster Support with Wordpress Documentation Plugin",,product,external,0,55,,"Wordpress Plugins>Documentation",WPDeveloper,,https://wpappsfomo.test/reviews/betterdocs/,"2021-01-06 10:04:18",https://betterdocs.co/,"Buy Now",,,,,,,,,,,,,,,,,,,,,,,,,,,,,,,,,,,,,,,,,,,,,,,,,,,,,,,,,,,,,,,,,,,,,,,,,,,,,,,,,,,,,,,,,,,,,,,,,,,,,,,,,,,,,,,,,,,,,,,,,,,,,,,,,,,,,,,,,,,,,,,,,,,,,,,,,,,,,,,,,,,,,,,,,,,,,,,,,,,,,,,,,,,,,,,,,,,,,,,,,,,,,,,,,,
8345,"Generatepress: Fast Loading Multi-Purpose WordPress Theme for Blogs",,product,external,0,59,,"Wordpress Themes","Edge22 Studios Ltd",,https://wpappsfomo.test/reviews/generatepress-lightning-speed-wordpress-theme-2021-review/,"2021-01-06 14:28:18",https://generatepress.com/,"Buy Now",,,,,,,Yes,,,,,,,,,,,,,,,,,,,,,"Astra,Genesis,OceanWP",,,,,,,,,,,,,,,,,,,,,,,,,,,,,,,,,,,,,,,,,,,,,,,,,,,,,,,,,,,,,,,,,,,,,,,,,,,,,,"30+ Days",,,,,,,,,Yes,,,,,,,,,,,,,,,,,,,,,,,"Yearly,One-time Payment",,,,,,,,,,,,,,,,,,,,,,"100 sites",,,,,,,,,,,,,,,,"Support Ticket",,,"Gutenberg,Elementor,Beaver Builder",,,,,,,,,,Lightweight,,,,,,,,,,,,,,,,,,,,,
8405,"Kadence Theme: Build Modern Wordpress Website with Gutenberg",,product,external,0,59,,"Wordpress Themes>Multipurpose","Stellar WP",,https://wpappsfomo.test/reviews/kadence/,"2021-01-08 14:39:32",https://stellarwp.pxf.io/Yg5GvJ,"Buy Now",,,,,,,Yes,,,,,,,,,,,,,,,,,,,,,"Astra,Generatepress,OceanWP",,,,,,,,,,,,,,,,,,,,,,,,,,,,,,,,,,,,,,,,,,,,,,,,,,,,,,,,,,,,,,,,,,,,,,,,,,,,,,"30+ Days",,,,,,,,,Yes,,,,,,,,,,,,,,,,,,,,,,,"Yearly,One-time Payment",,,,,,,,,,,,,,,,,,,,,,"Unlimited Sites",,,,,,,,,,,,,,,,"Email,Support Ticket",,,"Gutenberg,Elementor",,,,,,,,,,"Modern Demo templates",,,,,,,,,,,,,,,,,,,,,
8509,"Imagely: Empower Your WordPress Website with Stunning Images",,product,external,0,209,,"Wordpress Themes>Creative",Imagely,,https://wpappsfomo.test/reviews/imagely/,"2021-01-11 06:02:53",https://www.imagely.com/pricing/,"Buy Now",,,,,,,Yes,,,,,,,,,,,,,,,,,,,,,"Modesto,Photography",,,,,,,,,,,,,,,,,,,,,,,,,,,,,,,,,,,,,,,,,,,,,,,,,,,,,,,,,,,,,,,,,,,,,,,,,,,,,,"14 Days",,,,,,,,,Yes,,,,,,,,,,,,,,,,,,,,,,,"Yearly,One-time Payment",,,,,,,,,,,,,,,,,,,,,,"1 Site,3+ Sites,5+ Sites,Unlimited Sites",,,,,,,,,,,,,,,,"Email,Support Ticket",,,Elementor,,,,,,,,,,"Nextgen Gallery|Photography",,,,,,,,,,,,,,,,,,,,,
9234,"Brizy: Build Fast and Responsive Landing Pages in Wordpress",,product,external,0,34,,"Wordpress Themes>Page Builder",Brizy,,https://wpappsfomo.test/reviews/brizy/,"2021-01-15 05:36:37",https://www.brizy.io/account/aff/go/appsfomo,"Buy Now",,,,,,,Yes,,,,,,,,,,,,,,,,,,,,,"Astra,Generatepress,OceanWP",,,,,,,,,,,,,,,,,,,,,,,,,,,,,,,,,,,,,,,,,,,,,,,,,,,,,,,,,,,,,,,,,,,,,,,,,,,,,,"30+ Days",,,,,,,,,Yes,,,,,,,,,,,,,,,,,,,,,,,Yearly,,,,,,,,,,,,,,,,,,,,,,"1 Site,100+ Sites",,,,,,,,,,,,,,,,"Email,Support Ticket",,,Brizy,,,,,,,,,,"Powerful page builder",,,,,,,,,,,,,,,,,,,,,
9862,"Elementor: Best Page Builder for Wordpress with Theme Builder Features",,product,external,0,59,,"Wordpress Plugins>Page Builder","Elementor Ltd",,https://wpappsfomo.test/reviews/elementor-pro/,"2021-03-01 06:53:49",https://elementor.com/pro/,"Buy Now",,,,,,,,,,,,,,,,,,,,,,,,,,,,,,,,,,,,,,,,,,,,,,,,,,,,,,,,,,,,,,,,,,,,,,,,,,,,,,,,,,,,,,,,,,,,,,,,,,,,,,,,,,,,,,,,,,,,,,,,,,,,,,,,,,,,,,,,,,,,,,,,,,,,,,,,,,,,,,,,,,,,,,,,,,,,,,,,,,,,,,,,,,,,,,,,,,,,,,,,,,,,,,,,,,
9880,"Learndash: The Leading WordPress Learning Management System",,product,external,0,199,,"Wordpress Plugins>LMS","Stellar WP",,https://wpappsfomo.test/reviews/learndash/,"2021-03-03 10:06:13",https://stellarwp.pxf.io/e4oGn6,"Buy Now",,,,,,,,,,,,,,,,,,,,,,,,,,,,,,,,,,,,,,,,,,,,,,,,,,,,,,,,,,,,,,,,,,,,,,,,,,,,,,,,,,,,,,,,,,,,,,,,,,,,,,,,,,,,,,,,,,,,,,,,,,,,,,,,,,,,,,,,,,,,,,,,,,,,,,,,,,,,,,,,,,,,,,,,,,,,,,,,,,,,,,,,,,,,,,,,,,,,,,,,,,,,,,,,,,
9895,"Caldera Forms: Build Powerful WordPress Forms with Ease",,product,external,0,49,,"Wordpress Plugins>Forms &amp; Popups","Caldera Labs",,https://wpappsfomo.test/reviews/caldera-forms/,"2021-03-03 08:33:11",https://calderaforms.com/pricing/,"Buy Now",,,,,,,,,,,,,,,,,,,,,,,,,,,,,,,,,,,,,,,,,,,,,,,,,,,,,,,,,,,,,,,,,,,,,,,,,,,,,,,,,,,,,,,,,,,,,,,,,,,,,,,,,,,,,,,,,,,,,,,,,,,,,,,,,,,,,,,,,,,,,,,,,,,,,,,,,,,,,,,,,,,,,,,,,,,,,,,,,,,,,,,,,,,,,,,,,,,,,,,,,,,,,,,,,,
9904,"StackSocial: Uncover Exclusive Deals on Tech and More",,product,external,0,,,"Deals Platform",StackCommerce,,https://wpappsfomo.test/reviews/stacksocial/,"2021-02-01 07:18:23",https://stacksocial.com/,"Buy Now",,,,,,,,,,,,,,,,,,,,,,,,,,,,Appsumo|Pitchground,,,,,,,USA,,,,,,,,,,,,,,,,,,,,,,,,,,,,,,,,,,,,,,,,,,,,,,,2011,,,,,,,,,,,,,,,,,,,,,,,,,,"$145,980",,,,"Deals Platform",,,,,,,,,,,,,,,,,,,,,,,,,,,,,,,,,,,,,,,24-08-2023,,,,,,,,,,,,Facebook|Twitter,,,,,,,,,,,,,,Emails,,,,,40+,,,,,,,,,,,,,,,,,,,,,,,,,"$34,515,000",,,
9936,"Shortpixel: Compress and Optimize Images in Wordpress",,product,external,0,8.25,,"Wordpress Plugins",ShortPixel,,https://wpappsfomo.test/reviews/shortpixel/,"2021-02-03 08:31:40",https://shortpixel.com/otp/af/FCYPXYV288365,"Buy Now",,,,,,,,,,,,,,,,,,,,,,,,,,,,,,,,,,,,,,,,,,,,,,,,,,,,,,,,,,,,,,,,,,,,,,,,,,,,,,,,,,,,Yes,,,,,,,,,,,,,,,,,,,,Yes,,,,,,,,,,,,,,,,,,,,,,,,,,,,,,,,,,,,,,,,,,,,,,,,,,,,,,,,,,,,,,,,,,,,,,,,,,,,,,,,,,,,,,,,,,,,,,,,,,,,,,,,,,
10007,"Fluent Forms: The Fastest WordPress Form Builder",,product,external,0,47,,"Wordpress Plugins>Forms &amp; Popups",WpManageNinja,,https://wpappsfomo.test/reviews/fluent-forms/,"2021-02-05 12:10:00",https://wpmanageninja.com/downloads/fluentform-pro-add-on/,"Buy Now",,,,,,,,,,,,,,,,,,,,,,,,,,,,,,,,,,,,,,,,,,,,,,,,,,,,,,,,,,,,,,,,,,,,,,,,,,,,,,,,,,,,,,,,,,,,,,,,,,,,,,,,,,,,,,,,,,,,,,,,,,,,,,,,,,,,,,,,,,,,,,,,,,,,,,,,,,,,,,,,,,,,,,,,,,,,,,,,,,,,,,,,,,,,,,,,,,,,,,,,,,,,,,,,,,
10059,"Ora: Boost Your Task Management and Productivity",,product,external,0,10,,"SaaS>Project Management","Ora.pm Ltd",,https://wpappsfomo.test/reviews/ora/,"2021-02-11 13:41:14",https://ora.pm/,"Sign Up",,,,,,,Yes,,,,,,,,,,,,,,,,,,,,,,,,,,,,Bulgaria,,,,,,,,,,,,,,,,,,,,,,,,,,,,,,,,,,,,"Free Tier",,,,,,,,,,,2017,,Yes,,,,,,,,,,,,,"Appsumo,Other",,,,,,,Available,,,,,,,,,,,,,,,,,,,,,,,,,,,,,,,,,,,,,,,,,,,,,,,"August 2023",,,,,,,,,,,,,,,,,,,,,,,,,,"Email|Live Chat","Android|IOS|Linux|Web Based|Windows",,,,,,,,,,,,,,,,,,,,,,,,,,,,,,,,
10060,"Glorify: Design Software for Marketing and Advertising",,product,external,0,29.99,,"SaaS>Design &amp; Collaboration",Glorify,,https://wpappsfomo.test/reviews/glorify/,"2021-02-12 07:27:49",https://www.glorify.com?ref=appsfomo,"Sign Up",,,,,,,Yes,,,,,,,,,,,,,,,,,,,,,,,,,,,,UK,,,,,,,,,,,,,,,,,,,,,,,,,,,,,,,,,,,,"Free Tier",,,,,,,,,,,2019,,"Stock Libraries|Template bundle",,,,,,,,,,,,,"Appsumo,Other",,,,,,,"Not Available",,,,,,,,,,,,,,,,,,,,,,,,,,,,,,,,,,,,,,,,,,,,,,,"Febraury 2021",,,,,,,,,,,,,,,,,,,,,,,,,,"Email|Live Chat","Web Based",,,,,,,,,,,,,,,,,,,,,,,,,,,,,,,,
10061,"Trello: The All-in-One Real-Time Workspace for Teams",,product,external,0,5,,"SaaS>Project Management",Atlassian,,https://wpappsfomo.test/reviews/trello/,"2021-02-12 10:09:06",https://trello.com/home,"Sign Up",,,,,,,No,,,,,,,,,,,,,,,,,,,,,,,,,,,,USA,,,,,,,,,,,,,,,,,,,,,,,,,,,,,,,,,,,,"Free Tier",,,,,,,,,,,2011,,"Jira cloud|Miro|Slack|Zapier",,,,,,,,,,,,,N/A,,,,,,,Available,,,,,,,,,,,,,,,,,,,,,,,,,,,,,,,,,,,,,,,,,,,,,,,"Febraury 2021",,,,,,,,,,,,,,,,,,,,,,,,,,"Email|Live Chat|Ticketing","Android|Web Based|Windows",,,,,,,,,,,,,,,,,,,,,,,,,,,,,,,,
10062,"Vistacreate: Create Stunning Graphic and Video Designs Online",,product,external,0,10,,"SaaS>Design &amp; Collaboration",VistaCreate,,https://wpappsfomo.test/reviews/crello/,"2021-02-12 08:38:15",https://crello.com/,"Sign Up",,,,,,,No,,,,,,,,,,,,,,,,,,,,,,,,,,,,Cyprus,,,,,,,,,,,,,,,,,,,,,,,,,,,,,,,,,,,,"Free Tier",,,,,,,,,,,2017,,"Adobe XD|Jira|Slack",,,,,,,,,,,,,Appsumo,,,,,,,Available,,,,,,,,,,,,,,,,,,,,,,,,,,,,,,,,,,,,,,,,,,,,,,,"Febraury 2021",,,,,,,,,,,,,,,,,,,,,,,,,,"Email|Live Chat","Android|IOS|Linux|Web Based|Windows",,,,,,,,,,,,,,,,,,,,,,,,,,,,,,,,
10082,"Security Ninja: Secure Your WordPress Site with this Security Plugin",,product,external,0,6.99,,"Wordpress Plugins>Security Plugin","WP Security Ninja",,https://wpappsfomo.test/reviews/wp-security-ninja/,"2021-02-27 15:27:00",https://wpsecurityninja.com/#pricing,"Buy Now",,,,,,,,,,,,,,,,,,,,,,,,,,,,,,,,,,,,,,,,,,,,,,,,,,,,,,,,,,,,,,,,,,,,,,,,,,,,,,,,,,,,,,,,,,,,,,,,,,,,,,,,,,,,,,,,,,,,,,,,,,,,,,,,,,,,,,,,,,,,,,,,,,,,,,,,,,,,,,,,,,,,,,,,,,,,,,,,,,,,,,,,,,,,,,,,,,,,,,,,,,,,,,,,,,
10114,"All in One WP Migration: The Most Reliable Backup Solution for WordPress",,product,external,0,99,,"Wordpress Plugins>Security Plugin",ServMask,,https://wpappsfomo.test/reviews/all-in-one-wp-migration/,"2021-02-18 07:09:27",https://import.wp-migration.com/,"Buy Now",,,,,,,,,,,,,,,,,,,,,,,,,,,,,,,,,,,,,,,,,,,,,,,,,,,,,,,,,,,,,,,,,,,,,,,,,,,,,,,,,,,,,,,,,,,,,,,,,,,,,,,,,,,,,,,,,,,,,,,,,,,,,,,,,,,,,,,,,,,,,,,,,,,,,,,,,,,,,,,,,,,,,,,,,,,,,,,,,,,,,,,,,,,,,,,,,,,,,,,,,,,,,,,,,,
10260,"TexAu: Maximize Your Business Growth with the Ultimate Automation Tool",,product,external,0,29,,"SaaS>Business Tools",TexAu,,https://wpappsfomo.test/reviews/texau/,"2021-03-08 10:42:24",https://texau.com/,"Sign Up",,,,,,,Yes,,,,,,,,,,,,,,,,,,,,,,,,,,,,USA,,,,,,,,,,,,,,,,,,,,,,,,,,,,,,,,,,,,"Free Tier",,,,,,,,,,,2020,,Zapier,,,,,,,,,,,,,Appsumo,,,,,,,Available,,,,,,,,,,,,,,,,,,,,,,,,,,,,,,,,,,,,,,,,,,,,,,,10-2023,,,,,,,,,,,,,,,,,,,,,,,,,,"Email|Live Chat","Android|Web Based|Windows",,,,,,,,,,,,,,,,,,,,,,,,,,,,,,,,
10281,"Amelia: The Best WordPress Plugin for Event and Appointment Booking",,product,external,0,72,,"Wordpress Plugins>Calendar",TMS,,https://wpappsfomo.test/reviews/amelia/,"2021-03-09 11:36:21",https://wpamelia.com/pricing/,"Buy Now",,,,,,,,,,,,,,,,,,,,,,,,,,,,,,,,,,,,,,,,,,,,,,,,,,,,,,,,,,,,,,,,,,,,,,,,,,,,,,,,,,,,,,,,,,,,,,,,,,,,,,,,,,,,,,,,,,,,,,,,,,,,,,,,,,,,,,,,,,,,,,,,,,,,,,,,,,,,,,,,,,,,,,,,,,,,,,,,,,,,,,,,,,,,,,,,,,,,,,,,,,,,,,,,,,
10284,"ACF Pro: The Best Plugin for Building Custom WordPress Site",,product,external,0,49,,"Wordpress Plugins>Miscellaneous","WP Engine",,https://wpappsfomo.test/reviews/advanced-custom-fields/,"2021-03-19 06:37:47",https://www.advancedcustomfields.com/pro/,"Buy Now",,,,,,,,,,,,,,,,,,,,,,,,,,,,,,,,,,,,,,,,,,,,,,,,,,,,,,,,,,,,,,,,,,,,,,,,,,,,,,,,,,,,,,,,,,,,,,,,,,,,,,,,,,,,,,,,,,,,,,,,,,,,,,,,,,,,,,,,,,,,,,,,,,,,,,,,,,,,,,,,,,,,,,,,,,,,,,,,,,,,,,,,,,,,,,,,,,,,,,,,,,,,,,,,,,
10402,"RelayThat: Streamline Your Social Media Design Process",,product,external,0,15,,"SaaS>Design &amp; Collaboration",RelayThat,,https://wpappsfomo.test/reviews/relaythat/,"2021-03-19 07:28:24",https://www.dealify.com/relaythat/?deal=stellar,"Sign Up",,,,,,,No,,,,,,,,,,,,,,,,,,,,,,,,,,,,USA,,,,,,,,,,,,,,,,,,,,,,,,,,,,,,,,,,,,"Not Available",,,,,,,,,,,2016,,"Stock images",,,,,,,,,,,,,Appsumo,,,,,,,"Not Available",,,,,,,,,,,,,,,,,,,,,,,,,,,,,,,,,,,,,,,,,,,,,,,Mar-21,,,,,,,,,,,,,,,,,,,,,,,,,,Email|Ticketing,"Web Based",,,,,,,,,,,,,,,,,,,,,,,,,,,,,,,,
10797,"Shopify: Set Up Your Retail Shop Online with A Wide Range of Features",,product,external,0,25,,eCommerce,Shopify,,https://wpappsfomo.test/reviews/shopify/,"2021-03-26 13:22:25",https://www.relaythat.com/pricing,"Buy Now",,,,,,,,,,,,,,,,,,,"Tobias Lütke",,,,,,,,,,,,,,,,,,,,,,,,,,,,,,,,,,,,,,,,,,,,,,,,,,,,,,,,,,,,,,,,,,,,,,,,,,,,,,,,,,,"Own Site",,,,,,,,,,,,,,,,,,,,,,,"Master Card|Visa Card",,,,,,,,,,,,,,,,,,,,,,,,,2006,15-03-2021,,,,,,,,,,,,,,,,,,,,,,,,,,"Blogs|Emails|Help center",,,,,,,,,,e-commerce,,,,,,,,,,,,,,,,,,,,,,,
11133,"Magento: The Open Source E-Commerce Script with Adobe Backing",,product,external,0,,,eCommerce,,,https://wpappsfomo.test/reviews/magento/,"2021-03-29 15:06:00",https://magento.com/products/pricing,"Buy Now",,,,,,,,,,,,,,,,,,,Adobe,,,,,,,,,,,,,,,,,,,,,,,,,,,,,,,,,,,,,,,,,,,,,,,,,,,,,,,,,,,,,,,,,,,,,,,,,,,,,,,,,,,"Own Site",,,,,,,,,,,,,,,,,,,,,,,"Master Card|Paypal|Stripe|Visa Card",,,,,,,,,,,,,,,,,,,,,,,,,"March 2008",15-03-2021,,,,,,,,,,,,,,,,,,,,,,,,,,"Help center",,,,,,,,,,"Enterprise Software",,,,,,,,,,,,,,,,,,,,,,,
11198,"Wordpress: Create Your Dream Website with the World's Most Popular CMS",,product,external,0,0.00,,"Content Management Systems",,,https://wpappsfomo.test/reviews/wordpress/,"2021-03-31 07:03:13",https://wordpress.org/,"Download Now",,,,,,,,,,,,,,,,,,,"Matt Mullenweg|Mike Little",,,,,,,,,,,,,,,,,,,,,,,,,,,,,,,,,,,,,,,,,,,,,,,,,,,,,,,,,,,,,,,2003,,,,,,,,,"GPL v3",,,,,,,,,,,,,,,,,,,,,,,,,,,,,,,,,,,,,,,,,,,,,,,,,,,,,,,,,,,,,,,,,,,,,,,,,,,,,,,,,,,,,,,,,,,,,,,,Blogging,,,,,,,,,,,,,,,,,,,,,,,
11413,"Userback: User Feedback Tool for Collecting Customer Insights",,product,external,0,59,,"Feedback Tool|SaaS","User Back",,https://wpappsfomo.test/reviews/userback/,"2021-04-01 08:03:13",https://www.userback.io/?rc=7zpwojMDlIvv72Q,"Sign Up",,,,,,,Yes,,,,,,,,,,,,,,,,,,,,,,,,,,,,Australia,,,,,,,,,,,,,,,,,,,,,,,,,,,,,,,,,,,,Available,,,,,,,,,,,2016,,"Chrome|Notion|Wordpress plugin|Zapier",,,,,,,,,,,,,N/A,,,,,,,"Not Available",,,,,,,,,,,,,,,,,,,,,,,,,,,,,,,,,,,,,,,,,,,,,,,"April 2023",,,,,,,,,,,,,,,,,,,,,,,,,,"Email|Live Chat|Ticketing","Web Based",,,,,,,,,,,,,,,,,,,,,,,,,,,,,,,,
11527,"7-Zip: The Open-Source Tool for Efficient File Compression and Extraction",,product,external,0,,,"Apps &amp; Utilities",,,https://wpappsfomo.test/reviews/7-zip/,"2021-04-02 12:07:39",https://www.7-zip.org/,"Install Now",,,,,,,,,,,,,,,,,,,"Igor Pavlov",,,,,,,,,,,,,,,,,,,,,,,,,,,,,,,,,,,,,,,,,,,,,,,,,,,,,,,,,,,,,,,1999,,,,,,,"2 Years ago",,LGPLv2.1,,,,,,,,,,,,,,,,,,,,,,,,,,,,,,,,,,,,,,,,,,,,,,,,,,,,,,,,,,,,,,,,,,,,,,,,,,,,,,,,,,,"Community Support",,,,,,,,,,,,,"Utility Software",,,,,,,,,,,,,,,,,,,,,,,
11620,"Drupal: The Advanced CMS with Rich Features in Core Installation",,product,external,0,0.00,,"Content Management Systems",,,https://wpappsfomo.test/reviews/drupal/,"2021-04-07 11:14:02",https://www.drupal.org/,"Download Now",,,,,,,,,,,,,,,,,,,,,,,,,,,,,,,,,,,,,,,,,,,,,,,,,,,,,,,,,,,,,,,,,,,,,,,,,,,,,,,,,,,,,,,,,,,,,,,,,,,,,,,,,,,,,,,,,,,,,,,,,,,,,,,,,,,,,,,,,,,,,,,,,,,,,,,,,,,,,,,,,,,,,,,,,,,,,,,,,,,,,,,,,,,,,,,,,,,,,,,,,,,,,,,,,,
11694,"WP Reset Plugin: One Click Wordpress Reset & Clean Up Plugin",,product,external,0,39,,"Wordpress Plugins","WebFactory LTD",,https://wpappsfomo.test/reviews/wp-reset/,"2021-04-08 08:27:29",https://shortpixel.com/pricing,"Buy Now",,,,,,,,,,,,,,,,,,,,,,,,,,,,,,,,,,,,,,,,,,,,,,,,,,,,,,,,,,,,,,,,,,,,,,,,,,,,,,,,,,,,,,,,,,,,,,,,,,,,,,,,,,,,,,,,,,,,,,,,,,,,,,,,,,,,,,,,,,,,,,,,,,,,,,,,,,,,,,,,,,,,,,,,,,,,,,,,,,,,,,,,,,,,,,,,,,,,,,,,,,,,,,,,,,
11772,"WebARX: Protect Your Website from Malicious Visitors",,product,external,0,14.99,,Security,WebARX,,https://wpappsfomo.test/reviews/webarx/,"2021-04-09 05:32:26",https://www.webarxsecurity.com/pricing/,"Buy Now",,,,,,,,,,,,,,,,,,,"Oliver Sild",,,,,,,,,,,,,,,,,,,,,,,,,,,,,,,,,,,,,,,,,,,,,,,,,,,,,,,,,,,,,,,2007,,,,,,,,,,,,,,,,,,,,,,,,,,,,,,,,,,,,,,,,,,,,,,,,,,,,,,,,,,,,,,,,,,,,,12-04-2021,,,,,,,,,,,,,,,,,,,,,,,,,,,,,,,,,,,,"Web Security",,,,,,,,,,,,,,,,,,,,,,,
13015,"Grammarly: Find Grammar, Spelling, and Plagiarism Errors in Your Content",,product,external,0,12,,"SaaS>Content creation",Grammarly,,https://wpappsfomo.test/reviews/grammarly/,"2021-05-03 11:00:59",https://www.grammarly.com/premium,"Sign Up",,,,,,,Yes,,,,,,,,,,,,,,,,,,,,,,,,,,,,USA,,,,,,,,,,,,,,,,,,,,,,,,,,,,,,,,,,,,"Free Trial",,,,,,,,,,,2009,,"Excel|Power point|Skype|Slack|Word",,,,,,,,,,,,,Other,,,,,,,Available,,,,,,,,,,,,,,,,,,,,,,,,,,,,,,,,,,,,,,,,,,,,,,,"July 2023",,,,,,,,,,,,,,,,,,,,,,,,,,"Email|Live Chat|Ticketing","Android|Desktop|IOS|Web Based|Windows",,,,,,,,,,,,,,,,,,,,,,,,,,,,,,,,
13338,"TortoiseGit: Manage GitHub Files Visually with Ease on Windows",,product,external,0,,,"Apps &amp; Utilities",Tortoisegit.org,,https://wpappsfomo.test/reviews/tortoisegit/,"2021-05-05 15:57:56",https://tortoisegit.org/,"Install Now",,,,,,,,,,,,,,,,,,,,,,,,,,,,,,,,,,,,,,,,,,,,,,,,,,,,,,,,,,,,,,,,,,,,,,,,,,,,,,,,,,,,,,,,,,,,,,,,,,,,,,,,,,,,,,,,,,,,,,,,,,,,,,,,,,,,,,,,,,,,,,,,,,,,,,,,,,,,,,,,,,,,,,,,,,,,,,,,,,,,,,,,,,,,,,,,,,,,,,,,,,,,,,,,,,
13461,"Articleforge: Generate Unique Articles with Advanced Deep Learning",,product,external,0,13,,"SaaS>Content creation",Glimpse.ai,,https://wpappsfomo.test/reviews/articleforge/,"2021-05-06 12:13:44",https://www.articleforge.com/?ref=021ce2,"Sign Up",,,,,,,Yes,,,,,,,,,,,,,,,,,,,,,,,,,,,,USA,,,,,,,,,,,,,,,,,,,,,,,,,,,,,,,,,,,,Available,,,,,,,,,,,2020,,Yes,,,,,,,,,,,,,N/A,,,,,,,"Not Available",,,,,,,,,,,,,,,,,,,,,,,,,,,,,,,,,,,,,,,,,,,,,,,"March 2023",,,,,,,,,,,,,,,,,,,,,,,,,,"Email|Live Chat|Ticketing","Browser|Web Based",,,,,,,,,,,,,,,,,,,,,,,,,,,,,,,,
13549,"Virusdie: All-in-One Service for Website Security, Firewall and More",,product,external,0,15,,"SaaS>Hosting &amp; Cloud Services",,,https://wpappsfomo.test/reviews/virusdie/,"2021-05-10 09:48:48",https://virusdie.com/user/referal/?id=196793,"Buy Now",,,,,,,Yes,,,,,,,,,,,8.0,,,,,,,,,,"iThemes Security, Wordfence, Security Ninja|sucuri",,,,,,,Europe,,,,,,,,,,,,,,,,,,,,,,,,,,,,,"Ilia Malyshev",,,,,,,,,,,,,,,,,,2011,,,,,,,,,,,,,,,,,,,,"Own Site",,,,"30+ Days",,,,,,,,,,,,,,,,,,,"American Express|Master Card|Paypal|Visa Card",,,,,,,,,,,,,,,,,,,,,,,,,,"August 2023",,,,,,,,,,,,,,,,,,,,,,,e-mail,,,,,,,,10+,,,,,"Web Security",,,,,,,,,,,,,,,,,,,,,,,
13698,"Loginpress: Customizable Layouts for Your WordPress Login Page",,product,external,0,49,,"Wordpress Plugins>Forms &amp; Popups",WPBrigade,,https://wpappsfomo.test/reviews/loginpress/,"2021-05-13 07:47:09",https://loginpress.pro/pricing/,"Buy Now",,,,,,,,,,,,,,,,,,,,,,,,,,,,,,,,,,,,,,,,,,,,,,,,,,,,,,,,,,,,,,,,,,,,,,,,,,,,,,,,,,,,,,,,,,,,,,,,,,,,,,,,,,,,,,,,,,,,,,,,,,,,,,,,,,,,,,,,,,,,,,,,,,,,,,,,,,,,,,,,,,,,,,,,,,,,,,,,,,,,,,,,,,,,,,,,,,,,,,,,,,,,,,,,,,
14737,"All In One WP Security and Firewall: A Plugin to Protect Your Wordpress Site",,product,external,0,0,,"Uncategorized Reviews",,,https://wpappsfomo.test/reviews/all-in-one-wordpress-security-and-firewall-plugin/,"2021-05-22 10:33:03",https://www.tipsandtricks-hq.com/wordpress-security-and-firewall-plugin,"Buy Now",,,,,,,,,,,,,,,,,,,,,,,,,,,,,,,,,,,,,,,,,,,,,,,,,,,,,,,,,,,,,,,,,,,,,,,,,,,,,,,,,,,,,,,,,,,,,,,,,,,,,,"Own Site",,,,,,,,,,,,,,,,,,,,,,,,,,,,,,,,,,,,,,,,,,,,,,,,,22-05-2021,,,,,,,,,Unlimited,,,,,,,,,,,,,,,Monthly,"Support tickets",,,,,,,,,,,"Anti- Virus|Security",,,,,,,,,,,,,,,,,,,,,"5.0 or higher",,
15653,"Live Webinar: The most Advanced Webinar and Online Meeting Tool",,product,external,0,17.99,,SaaS>Communication,LiveWebinar,,https://wpappsfomo.test/?post_type=product&p=15653,"2021-06-04 14:37:55",https://app.livewebinar.com/pricing,"Sign Up",,,,,,,Yes,,,,,,,,,,,,,,,,,,,,,,,,,,,,Poland,,,,,,,,,,,,,,,,,,,,,,,,,,,,,,,,,,,,"Free Tier",,,,,,,,,,,2016,,Hubspot|Mailchimp|Senfox|Zapier,,,,,,,,,,,,,Appsumo,,,,,,,"Not Available",,,,,,,,,,,,,,,,,,,,,,,,,,,,,,,,,,,,,,,,,,,,,,,Jun-21,,,,,,,,,,,,,,,,,,,,,,,,,,Email,"Web Based",,,,,,,,,,,,,,,,,,,,,,,,,,,,,,,,
15862,"Essential Addons for Elementor: Advanced Elementor Widgets",,product,external,0,39.97,,"Wordpress Plugins>Page Builder",WPDeveloper,,https://wpappsfomo.test/reviews/essential-addons-for-elementor/,"2021-06-15 09:45:28",https://essential-addons.com/elementor/#pricing,"Buy Now",,,,,,,,,,,,,,,,,,,,,,,,,,,,,,,,,,,,,,,,,,,,,,,,,,,,,,,,,,,,,,,,,,,,,,,,,,,,,,,,,,,,,,,,,,,,,,,,,,,,,,,,,,,,,,,,,,,,,,,,,,,,,,,,,,,,,,,,,,,,,,,,,,,,,,,,,,,,,,,,,,,,,,,,,,,,,,,,,,,,,,,,,,,,,,,,,,,,,,,,,,,,,,,,,,
16794,"Cartflows: Create Stunning Sales Funnels in Wordpress with Elementor",,product,external,0,79,,"Wordpress Plugins>E-commerce","Cartflows Inc",,https://wpappsfomo.test/reviews/cartflows/,"2021-07-07 08:30:06",https://cartflows.com/?cf=2431,"Buy Now",,,,,,,,,,,,,,,,,,,,,,,,,,,,,,,,,,,,,,,,,,,,,,,,,,,,,,,,,,,,,,,,,,,,,,,,,,,,,,,,,,,,,,,,,,,,,,,,,,,,,,,,,,,,,,,,,,,,,,,,,,,,,,,,,,,,,,,,,,,,,,,,,,,,,,,,,,,,,,,,,,,,,,,,,,,,,,,,,,,,,,,,,,,,,,,,,,,,,,,,,,,,,,,,,,
16916,"WP Engine: Quality WordPress Hosting with Outstanding Uptime",,product,external,0,20,,Hosting,"WP Engine Inc",,https://wpappsfomo.test/reviews/wp-engine/,"2021-07-20 13:48:38",https://shareasale.com/r.cfm?b=1497398&u=3493383&m=41388&urllink=&afftrack=,"Buy Now",,,,,,,,,,,,,,,,,,,,,,,,"Own CDN",,,,,,,,"Custom Panel",,,,,,,,,,,,,,,,,,,,,,,,,,,,,,,,,,,,,,,,,,,,,,,,,,,,,,,,,,2010,,,,,,,,,,,,"Own Site",,,,,,,,,,,,,,,,,,,,,,,,,,,,,,,,,,,,,,,,,,,,,,,,,,,,,,,,,,,,,,,,,,,,,,,,"Email Support 24*7|Live Chat",,,,,,,,,,,,,,,,,,,,,,,,,,,,"Beaver Builder for compactibility",,,,,,,,
17751,"Kinsta: What is Managed Wordpress Hosting and How it Works",,product,external,0,30,,Hosting,,,https://wpappsfomo.test/reviews/kinsta/,"2021-09-03 08:25:33",https://kinsta.com/,"Buy Now",,,,,,,,,,,,,,,,,,,,,,,,"Own CDN",,,,,,,,"Kinsta dashbord panel",,,,,,,,,,,,,,,,,,,,,,,,,,,,,,,,,,,,,,,,,,,,,,,,,,,,,,,,,,2013,,,,,,,,,,,,,,,,,,,,,,,,,,,,,,,,,,,,,,,,,,,,,,,,,,,,,,,,,,,,,,,,,,,,,,,,,,,,,,,,,,,,"Live Chat|Support Ticket",,,,,,,,,,,,,,,,,,,,,,,,,,,,"Wordpress website Builder",,,,,,,,
17798,"BackupGuard: A Backup Plugin for Secure Website Protection",,product,external,0,25,,"Uncategorized Reviews",,,https://wpappsfomo.test/reviews/backup-guard/,"2021-09-06 11:57:01",https://backup-guard.com/,"Buy Now",,,,,,,,,,,,,,,,,,,,,,,,,,,,,,,,,,,,,,,,,,,,,,,,,,,,,,,,,,,,,,,,,,,,,,,,,,,,,,,,,,,,,,,,,,,,,,,,,,,,,,,,,,,,,,,,,,,,,,,,,,,,,,,,,,,,,,,,,,,,,,,,,,,,,,,06-09-2021,,,,,,,,,"Up to 2 Websites (Lifetime Usage)",,,,,,,,,,,,,,,"emergency support",Forum,,,,,,,,,,,backup|Migration|Security,,,,,,,,,,,,,,,,,,,,,"3.9 or higher",,
18134,"Mailpoet: Best Wordpress Plugin to Automate Your Email Marketing",,product,external,0,10,,"Wordpress Plugins",Mailpoet,,https://wpappsfomo.test/reviews/mailpoet/,"2021-09-21 07:42:13",https://www.mailpoet.com/,"Buy Now",,,,,,,,,,,,,,,,,,,,,,,,,,,,,,,,,,,,,,,,,,,,,,,,,,,,,,,,,,,,,,,,,,,,,,,,,,,,,,,,,,,,,,,,,,,,,,,,,,,,,,,,,,,,,,,,,,,,,,,,,,,,,,,,,,,,,,,,,,,,,,,,,,,,,,,,,,,,,,,,,,,,,,,,,,,,,,,,,,,,,,,,,,,,,,,,,,,,,,,,,,,,,,,,,,
18413,"Weje: Best Online Whiteboard for Drawing, Brainstorming, and Collaborating",,product,external,0,10,,SaaS>Communication,Weje,,https://wpappsfomo.test/reviews/weje/,"2021-09-30 15:32:32",https://wpappsfomo.test/weje/,"Sign Up",,,,,,,No,,,,,,,,,,,,,,,,,,,,,,,,,,,,USA,,,,,,,,,,,,,,,,,,,,,,,,,,,,,,,,,,,,"Free Tier",,,,,,,,,,,2021,,"AirTable|Figma|Google Docs|Miro documents",,,,,,,,,,,,,Dealify,,,,,,,Available,,,,,,,,,,,,,,,,,,,,,,,,,,,,,,,,,,,,,,,,,,,,,,,Sep-21,,,,,,,,,,,,,,,,,,,,,,,,,,"Email|Live Chat|Ticketing","Android|Web Based",,,,,,,,,,,,,,,,,,,,,,,,,,,,,,,,
18590,"Autoptimize: A Plugin to Speed Up Your Wordpress Website",,product,external,0,,,"Wordpress Plugins>Wordpress Optimization","Optimizing Matters",,https://wpappsfomo.test/reviews/autoptimize/,"2021-10-11 09:33:25",https://wordpress.org/plugins/autoptimize/,"Buy Now",,,,,,,,,,,,,,,,,,,,,,,,,,,,,,,,,,,,,,,,,,,,,,,,,,,,,,,,,,,,,,,,,,,,,,,,,,,,,,,,,,,,,,,,,,,,,,,,,,,,,,,,,,,,,,,,,,,,,,,,,,,,,,,,,,,,,,,,,,,,,,,,,,,,,,,,,,,,,,,,,,,,,,,,,,,,,,,,,,,,,,,,,,,,,,,,,,,,,,,,,,,,,,,,,,
19614,"WPvivid: The Best Free Wordpress Backup and Migration Plugin",,product,external,0,29,,"Wordpress Plugins>Security Plugin","WPvivid Backup",,https://wpappsfomo.test/reviews/wpvivid-backup/,"2023-04-20 07:05:28",https://wpvivid.com/ref/456/,"Buy Now",,,,,,,,,,,,,,,,,,,,,,,,,,,,,,,,,,,,,,,,,,,,,,,,,,,,,,,,,,,,,,,,,,,,,,,,,,,,,,,,,,,,,,,,,,,,,,,,,,,,,,,,,,,,,,,,,,,,,,,,,,,,,,,,,,,,,,,,,,,,,,,,,,,,,,,,,,,,,,,,,,,,,,,,,,,,,,,,,,,,,,,,,,,,,,,,,,,,,,,,,,,,,,,,,,
20584,"Quillbot: Paraphrase Sentences and Phrases with Advanced AI Tools",,product,external,0,4,,"SaaS>Content creation",Quillbot,,https://wpappsfomo.test/reviews/quillbot/,"2022-08-01 11:06:19",https://try.quillbot.com/spfb9nl5f3te,"Sign Up",,,,,,,Yes,,,,,,,,,,,,,,,,,,,,,,,,,,,,USA,,,,,,,,,,,,,,,,,,,,,,,,,,,,,,,,,,,,"Free Tier",,,,,,,,,,,2017,,Chrome|Gmail|Linkedin|Word,,,,,,,,,,,,,Other,,,,,,,"Not Available",,,,,,,,,,,,,,,,,,,,,,,,,,,,,,,,,,,,,,,,,,,,,,,Aug-22,,,,,,,,,,,,,,,,,,,,,,,,,,Email,"Web Based",,,,,,,,,,,,,,,,,,,,,,,,,,,,,,,,
21191,"Crove.app Review: Create and Automate Documents Like Never Before",,product,external,0,9,,"SaaS>Business Tools",Crove.app,,https://wpappsfomo.test/reviews/crove-app/,"2022-08-24 09:54:29",https://shop.appsfomo.com/p/3EQ3/r,"Sign Up",,,,,,,No,,,,,,,,,,,,,,,,,,,,,,,,,,,,India,,,,,,,,,,,,,,,,,,,,,,,,,,,,,,,,,,,,"Free Tier",,,,,,,,,,,2020,,Hubspot|Pabbly|Slack|Zapier,,,,,,,,,,,,,Appsumo,,,,,,,"Not Available",,,,,,,,,,,,,,,,,,,,,,,,,,,,,,,,,,,,,,,,,,,,,,,Aug-22,,,,,,,,,,,,,,,,,,,,,,,,,,"Email|Live Chat|Ticketing","Web Based",,,,,,,,,,,,,,,,,,,,,,,,,,,,,,,,
21211,"Chugzi: Paraphrase, Enhance and Rewrite Articles with AI",,product,external,0,97,,"SaaS>Content creation",Chugzi™,,https://wpappsfomo.test/reviews/chugzi/,"2022-08-24 09:50:28",https://shop.appsfomo.com/p/hZLz/r,"Sign Up",,,,,,,Yes,,,,,,,,,,,,,,,,,,,,,,,,,,,,USA,,,,,,,,,,,,,,,,,,,,,,,,,,,,,,,,,,,,"Free Trial",,,,,,,,,,,2020,,N/A,,,,,,,,,,,,,Appsumo,,,,,,,"Not Available",,,,,,,,,,,,,,,,,,,,,,,,,,,,,,,,,,,,,,,,,,,,,,,Aug-22,,,,,,,,,,,,,,,,,,,,,,,,,,"Email|Live Chat","Web Based",,,,,,,,,,,,,,,,,,,,,,,,,,,,,,,,
21454,"WPSmartPay: Maximizing Your WordPress Website's Payment Options",,product,external,0,99,,"Wordpress Plugins",ThemeXpert,,https://wpappsfomo.test/reviews/wpsmartpay/,"2022-09-12 05:24:04",https://wpsmartpay.com/,"Buy Now",,,,,,,,,,,,,,,,,,,,,,,,,,,,,,,,,,,,,,,,,,,,,,,,,,,,,,,,,,,,,,,,,,,,,,,,,,,,,,,,,,,,,,,,,,,,,,,,,,,,,,,,,,,,,,,,,,,,,,,,,,,,,,,,,,,,,,,,,,,,,,,,,,,,,,,,,,,,,,,,,,,,,,,,,,,,,,,,,,,,,,,,,,,,,,,,,,,,,,,,,,,,,,,,,,
21491,"Usetiful: Creating Guided Tours of Your Digital Products Made Easy",,product,external,0,29,,SaaS>Communication,Usetiful,,https://wpappsfomo.test/reviews/usetiful/,"2022-09-12 05:25:12",https://www.usetiful.com/,"Sign Up",,,,,,,Yes,,,,,,,,,,,,,,,,,,,,,,,,,,,,Estonia,,,,,,,,,,,,,,,,,,,,,,,,,,,,,,,,,,,,"Free Tier",,,,,,,,,,,2019,,N/A,,,,,,,,,,,,,Appsumo,,,,,,,"Not Available",,,,,,,,,,,,,,,,,,,,,,,,,,,,,,,,,,,,,,,,,,,,,,,Sep-22,,,,,,,,,,,,,,,,,,,,,,,,,,Email|Ticketing,"Web Based",,,,,,,,,,,,,,,,,,,,,,,,,,,,,,,,
21673,"Remastermedia: Optimizing Your Audio and Video Content",,product,external,0,6.5,,"SaaS>Audio|SaaS>Video &amp; Media",RemasterMedia,,https://wpappsfomo.test/reviews/remastermedia/,"2022-10-18 07:08:14",https://www.remastermedia.com/,"Sign Up",,,,,,,Yes,,,,,,,,,,,,,,,,,,,,,,,,,,,,USA,,,,,,,,,,,,,,,,,,,,,,,,,,,,,,,,,,,,"Not Available",,,,,,,,,,,2019,,"Mobile|Other apps|Web",,,,,,,,,,,,,Other,,,,,,,"Not Available",,,,,,,,,,,,,,,,,,,,,,,,,,,,,,,,,,,,,,,,,,,,,,,Oct-22,,,,,,,,,,,,,,,,,,,,,,,,,,"Email|Live Chat","Web Based",,,,,,,,,,,,,,,,,,,,,,,,,,,,,,,,
21689,"Biteplay: Find Monetized Videos and Boost Your Marketing Performance",,product,external,0,99,,"SaaS>Audio|SaaS>Video &amp; Media",Biteplay,,https://wpappsfomo.test/reviews/biteplay/,"2022-10-18 07:08:15",https://biteplay.com/,"Sign Up",,,,,,,Yes,,,,,,,,,,,,,,,,,,,,,,,,,,,,Brazil,,,,,,,,,,,,,,,,,,,,,,,,,,,,,,,,,,,,"Free Trial",,,,,,,,,,,2019,,"Google Ads|SwipeTube Chrome extension by VidTao|Youtbe",,,,,,,,,,,,,Appsumo,,,,,,,"Not Available",,,,,,,,,,,,,,,,,,,,,,,,,,,,,,,,,,,,,,,,,,,,,,,Oct-22,,,,,,,,,,,,,,,,,,,,,,,,,,Email,"Web Based",,,,,,,,,,,,,,,,,,,,,,,,,,,,,,,,
21763,"GummySearch: Discovering Potential Customers and Their Pain Points",,product,external,0,29,,"SaaS>Business Tools",GummySearch,,https://wpappsfomo.test/reviews/gummysearch/,"2022-09-26 06:31:04",https://gummysearch.com/,"Sign Up",,,,,,,Yes,,,,,,,,,,,,,,,,,,,,,,,,,,,,USA,,,,,,,,,,,,,,,,,,,,,,,,,,,,,,,,,,,,"Free Trial",,,,,,,,,,,2021,,N/A,,,,,,,,,,,,,N/A,,,,,,,"Not Available",,,,,,,,,,,,,,,,,,,,,,,,,,,,,,,,,,,,,,,,,,,,,,,Sep-22,,,,,,,,,,,,,,,,,,,,,,,,,,Email,"Web Based",,,,,,,,,,,,,,,,,,,,,,,,,,,,,,,,
22024,"ContentBot: Creating High-Quality Content from Scratch Made Easy",,product,external,0,29,,"SaaS>Content creation",ContentBot,,https://wpappsfomo.test/reviews/contentbot/,"2022-10-18 07:08:12",https://contentbot.ai?fpr=appsfomo,"Sign Up",,,,,,,Yes,,,,,,,,,,,,,,,,,,,,,,,,,,,,USA,,,,,,,,,,,,,,,,,,,,,,,,,,,,,,,,,,,,"Not Available",,,,,,,,,,,2021,,N/A,,,,,,,,,,,,,Appsumo,,,,,,,"Not Available",,,,,,,,,,,,,,,,,,,,,,,,,,,,,,,,,,,,,,,,,,,,,,,Oct-22,,,,,,,,,,,,,,,,,,,,,,,,,,"Email|Live Chat","Web Based",,,,,,,,,,,,,,,,,,,,,,,,,,,,,,,,
22130,"TrueRanker: Analyze and Monitor Your Keyword Rankings",,product,external,0,6.99,,"SaaS>Marketing and Sales",TrueRanker,,https://wpappsfomo.test/reviews/trueranker/,"2022-10-18 07:08:11",https://www.trueranker.com/en/?affiliateFromId=27871,"Sign Up",,,,,,,Yes,,,,,,,,,,,,,,,,,,,,,,,,,,,,Spain,,,,,,,,,,,,,,,,,,,,,,,,,,,,,,,,,,,,"Free Trial",,,,,,,,,,,2019,,Chrome|Wordpress,,,,,,,,,,,,,Appsumo,,,,,,,Available,,,,,,,,,,,,,,,,,,,,,,,,,,,,,,,,,,,,,,,,,,,,,,,Oct-22,,,,,,,,,,,,,,,,,,,,,,,,,,"Email|Live Chat","Android|Web Based",,,,,,,,,,,,,,,,,,,,,,,,,,,,,,,,
22168,"Trust: How to Collect and Manage Testimonials Effectivelly",,product,external,0,19,,"Uncategorized Reviews",Trust,,https://wpappsfomo.test/reviews/trust/,"2022-10-18 07:08:09",https://usetrust.io/,"Buy Now",,,,,,,,,,,,,,,,,,,"Carsten Schaefer",,,,,,,,,,,,,,,,,,,,,,,,,,,,,,,,,,,,,,,,,,,,,,,,,,,,,,,,,,,,,,,,,,,,,,,,,,,,,,,,,,,"Own Site",,"Not Available",,,,,,,,,,,,,,,,,,,,,"Credit Card",,,,,,,,,,,,,,,,,,,,9.5,,,,,2020,"Semptember 2022",,,,,,,,,,,,,,,,,,,,,,Monthly|Yearly,,,,"Emails|Live Chat",Browser,,,,,,,,,Marketing|Testimonial,,,,,,,Unlimited,,,,,,,,,,,,,,,,
22217,"NeuronWriter: Get Superior SEO Content with Copywriting Tool",,product,external,0,19,,"SaaS>Content creation",NeuronWriter,,https://wpappsfomo.test/reviews/neuronwriter/,"2022-11-03 08:38:15",https://shop.appsfomo.com/p/71yK/r,"Sign Up",,,,,,,No,,,,,,,,,,,,,,,,,,,,,,,,,,,,Poland,,,,,,,,,,,,,,,,,,,,,,,,,,,,,,,,,,,,"Not Available",,,,,,,,,,,2019,,"Google Search Console",,,,,,,,,,,,,Appsumo,,,,,,,"Not Available",,,,,,,,,,,,,,,,,,,,,,,,,,,,,,,,,,,,,,,,,,,,,,,Nov-22,,,,,,,,,,,,,,,,,,,,,,,,,,"Email|Live Chat","Web Based",,,,,,,,,,,,,,,,,,,,,,,,,,,,,,,,
22248,"Vepaar: Tools to Quickly Build and Boost a Successful eCommerce Business",,product,external,0,5,,"SaaS>Business Tools",Vepaar,,https://wpappsfomo.test/reviews/vepaar/,"2022-10-25 05:46:40",https://vepaar.com/,"Sign Up",,,,,,,Yes,,,,,,,,,,,,,,,,,,,,,,,,,,,,India,,,,,,,,,,,,,,,,,,,,,,,,,,,,,,,,,,,,"Free Tier",,,,,,,,,,,2015,,Chrome|Salesforce|Stripe|Whatsapp,,,,,,,,,,,,,Appsumo,,,,,,,Available,,,,,,,,,,,,,,,,,,,,,,,,,,,,,,,,,,,,,,,,,,,,,,,Oct-22,,,,,,,,,,,,,,,,,,,,,,,,,,"Email|Live Chat","Android|Linux|Web Based|Windows",,,,,,,,,,,,,,,,,,,,,,,,,,,,,,,,
22264,"Scalenut: AI-Driven Content Research and Creation for Content Writers",,product,external,0,29,,"SaaS>Content creation",Scalenut,,https://wpappsfomo.test/reviews/scalenut/,"2022-10-25 05:35:15",https://www.scalenut.com/,"Sign Up",,,,,,,Yes,,,,,,,,,,,,,,,,,,,,,,,,,,,,India,,,,,,,,,,,,,,,,,,,,,,,,,,,,,,,,,,,,"Free Trial",,,,,,,,,,,2020,,Copyscape|Semrush|Wordpress,,,,,,,,,,,,,Pitchground,,,,,,,"Not Available",,,,,,,,,,,,,,,,,,,,,,,,,,,,,,,,,,,,,,,,,,,,,,,Oct-22,,,,,,,,,,,,,,,,,,,,,,,,,,"Email|Live Chat","Web Based|Windows",,,,,,,,,,,,,,,,,,,,,,,,,,,,,,,,
22281,"Prelo: Lead Management Made Easy and Simple for Early Stage Startups",,product,external,0,23,,"SaaS>Business Tools",Prelo,,https://wpappsfomo.test/reviews/prelo/,"2022-10-25 07:07:22",https://www.prelo.io/,"Sign Up",,,,,,,No,,,,,,,,,,,,,,,,,,,,,,,,,,,,USA,,,,,,,,,,,,,,,,,,,,,,,,,,,,,,,,,,,,"Free Tier",,,,,,,,,,,2021,,CRM,,,,,,,,,,,,,Appsumo,,,,,,,"Not Available",,,,,,,,,,,,,,,,,,,,,,,,,,,,,,,,,,,,,,,,,,,,,,,Oct-22,,,,,,,,,,,,,,,,,,,,,,,,,,Ticketing,"Web Based|Windows",,,,,,,,,,,,,,,,,,,,,,,,,,,,,,,,
22320,"Xpro Addons for Elemetor: Advanced widgets for Elementor",,product,external,0,37,,"Wordpress Plugins>Page Builder","Xpro Elementor Addons",,https://wpappsfomo.test/reviews/xpro-addons-for-elementor/,"2022-11-03 16:40:31",https://elementor.wpxpro.com/,"Buy Now",,,,,,,,,,,,,,,,,,,"Ali R.",,,,,,,,,,,,,,,,,,,,,,,,,,,,,,,,,,,,,,,,,,,,,,,,,,,,,,,,,,,,,,,,,,,,,,,,,,,,,,,,,,,"Own Site",,"Not Available",,,,,,,,,,,,,,,,,,,,,"Credit Card|Paypal",,,,,,,,,,,,,,,,,,,,6.8,,,,,"March 2022",,,,,,,,,,,,,,,,,,,,,,,Lifetime|Yearly,,,,"Emails|Online Form|Ticketing",Browser|Mac|Windows,,,,,,,,,"Elementor Addon|Web development",,,,,,,Unlimited,,,,,,,,,,,,,,,,
22336,"SheerSEO: The All-in-One SEO Platform for Site Analysis",,product,external,0,10,,"SaaS>Marketing and Sales",SheerSEO,,https://wpappsfomo.test/reviews/sheerseo/,"2022-11-09 07:05:04",https://www.sheerseo.com/,"Sign Up",,,,,,,Yes,,,,,,,,,,,,,,,,,,,,,,,,,,,,USA,,,,,,,,,,,,,,,,,,,,,,,,,,,,,,,,,,,,"Free Tier",,,,,,,,,,,2007,,"Facebook|Google Keyword Planner|Google Search Console|Majestic|Twitter|XML",,,,,,,,,,,,,Appsumo,,,,,,,"Not Available",,,,,,,,,,,,,,,,,,,,,,,,,,,,,,,,,,,,,,,,,,,,,,,Nov-22,,,,,,,,,,,,,,,,,,,,,,,,,,"Email|Live Chat|Ticketing","Web Based",,,,,,,,,,,,,,,,,,,,,,,,,,,,,,,,
22376,"Wordplay: The Plagiarism-Free Writing Tool for SEO Content",,product,external,0,35,,"SaaS>Content creation",Wordplay,,https://wpappsfomo.test/reviews/wordplay/,"2022-11-09 07:05:04",https://login--wordplay.thrivecart.com/lifetime-plan-7500/,"Sign Up",,,,,,,Yes,,,,,,,,,,,,,,,,,,,,,,,,,,,,USA,,,,,,,,,,,,,,,,,,,,,,,,,,,,,,,,,,,,"Free Trial",,,,,,,,,,,2022,,Chrome|Google|Wordpress,,,,,,,,,,,,,Appsumo,,,,,,,"Not Available",,,,,,,,,,,,,,,,,,,,,,,,,,,,,,,,,,,,,,,,,,,,,,,Nov-22,,,,,,,,,,,,,,,,,,,,,,,,,,Email|Ticketing,"Linux|Web Based|Windows",,,,,,,,,,,,,,,,,,,,,,,,,,,,,,,,
22406,"Woolentor: The Best Woocommerce Page Builder Addon for Elementor",,product,external,0,39,,"Wordpress Themes",WooLentor,,https://wpappsfomo.test/reviews/woolentor/,"2022-11-09 07:05:03",https://woolentor.com/,"Buy Now",,,,,,,,,,,,,,,,,,,Unknown,,,,,,,,,,,,,,,,,,,,,,,,,,,,,,,,,,,,,,,,,,,,,,,,,,,,,,,,,,,,,,,,,,,,,,,,,,,,,,,,,,,"Own Site",,"Not Available",,,,,,,,,,,,,,,,,,,,,"Credit Card|Debit Card",,,,,,,,,,,,,,,,,,,,7.6,,,,,2012,"August 2022",,,,,,,,,,,,,,,,,,,,,,Lifetime|Yearly,,,,"Emails|Live Chat|Online Form",Browser,,,,,,,,,"Wordpress Plugin",,,,,,,Unlimited,,,,,,,,,,,,,,,,
22432,"Microsoft Power Automate: Automate Your Windows PC",,product,external,0,15,,"SaaS>Automation and Data","Microsoft Power Automate",,https://wpappsfomo.test/reviews/microsoft-power-automate/,"2022-11-09 07:05:03",https://shop.appsfomo.com/p/kznH/r,"Sign Up",,,,,,,No,,,,,,,,,,,,,,,,,,,,,,,,,,,,USA,,,,,,,,,,,,,,,,,,,,,,,,,,,,,,,,,,,,"Free Trial",,,,,,,,,,,2021,,"GoogleDrive|Microsoft Office 365|Salesforce|SAP ERP",,,,,,,,,,,,,N/A,,,,,,,Available,,,,,,,,,,,,,,,,,,,,,,,,,,,,,,,,,,,,,,,,,,,,,,,Nov-22,,,,,,,,,,,,,,,,,,,,,,,,,,"Email|Live Chat|Ticketing","Android|Web Based|Windows",,,,,,,,,,,,,,,,,,,,,,,,,,,,,,,,
22458,"useArtemis: Cold Outreach Made Easy by Automating Email Marketing",,product,external,0,29,,"SaaS>Business Tools",useArtemis,,https://wpappsfomo.test/reviews/useartemis/,"2022-11-07 09:17:01",https://shop.appsfomo.com/p/EyIf/r,"Sign Up",,,,,,,Yes,,,,,,,,,,,,,,,,,,,,,,,,,,,,France,,,,,,,,,,,,,,,,,,,,,,,,,,,,,,,,,,,,"Not Available",,,,,,,,,,,2022,,Chrome|Linkedin,,,,,,,,,,,,,Appsumo,,,,,,,"Not Available",,,,,,,,,,,,,,,,,,,,,,,,,,,,,,,,,,,,,,,,,,,,,,,Nov-22,,,,,,,,,,,,,,,,,,,,,,,,,,"Email|Live Chat|Ticketing","Web Based",,,,,,,,,,,,,,,,,,,,,,,,,,,,,,,,
22491,"Bit Integrations: Integrating Popular Apps with WordPress",,product,external,0,19,,"Wordpress Plugins>Security Plugin","Bit Apps",,https://wpappsfomo.test/reviews/bit-integrations/,"2022-11-11 13:01:49",https://www.bitapps.pro/bit-integrations,"Buy Now",,,,,,,,,,,,,,,,,,,,,,,,,,,,,,,,,,,,,,,,,,,,,,,,,,,,,,,,,,,,,,,,,,,,,,,,,,,,,,,,,,,,,,,,,,,,,,,,,,,,,,,,,,,,,,,,,,,,,,,,,,,,,,,,,,,,,,,,,,,,,,,,,,,,,,,,,,,,,,,,,,,,,,,,,,,,,,,,,,,,,,,,,,,,,,,,,,,,,,,,,,,,,,,,,,
22518,"Backupsheep: The Best Backup and Recovery Solution for Your Business",,product,external,0,10,,"SaaS>Hosting &amp; Cloud Services",BackupSheep,,https://wpappsfomo.test/reviews/backupsheep/,"2022-12-08 13:57:51",https://backupsheep.com/?via=appsfomo,"Sign Up",,,,,,,Yes,,,,,,,,,,,,,,,,,,,,,,,,,,,,Canada,,,,,,,,,,,,,,,,,,,,,,,,,,,,,,,,,,,,"Free Tier",,,,,,,,,,,2017,,"Amazon S3|Dropbox|Google Drive|Onedrive",,,,,,,,,,,,,Appsumo,,,,,,,"Not Available",,,,,,,,,,,,,,,,,,,,,,,,,,,,,,,,,,,,,,,,,,,,,,,Dec-22,,,,,,,,,,,,,,,,,,,,,,,,,,"Email|Live Chat","Web Based",,,,,,,,,,,,,,,,,,,,,,,,,,,,,,,,
22564,"Dukaan: Creating a Successful Online Store with User-Friendly Features",,product,external,0,4.62,,"SaaS>Business Tools",Dukaan,,https://wpappsfomo.test/reviews/dukaan/,"2022-11-30 10:28:09",http://shop.appsfomo.com/p/7Kke/r,"Sign Up",,,,,,,Yes,,,,,,,,,,,,,,,,,,,,,,,,,,,,India,,,,,,,,,,,,,,,,,,,,,,,,,,,,,,,,,,,,"Free Trial",,,,,,,,,,,2020,,"Facebook pixel|Google Adwords|Intercom|Payal|Stripe",,,,,,,,,,,,,Appsumo,,,,,,,Available,,,,,,,,,,,,,,,,,,,,,,,,,,,,,,,,,,,,,,,,,,,,,,,Dec-22,,,,,,,,,,,,,,,,,,,,,,,,,,"Email|Live Chat","Android|Web Based",,,,,,,,,,,,,,,,,,,,,,,,,,,,,,,,
22606,"Heartbeat: The Online Community Management Software",,product,external,0,29,,SaaS>Communication,Heartbeat,,https://wpappsfomo.test/reviews/heartbeat/,"2022-12-08 11:32:10",https://www.heartbeat.chat/,"Sign Up",,,,,,,No,,,,,,,,,,,,,,,,,,,,,,,,,,,,USA,,,,,,,,,,,,,,,,,,,,,,,,,,,,,,,,,,,,"Free Trial",,,,,,,,,,,2020,,"Google Calender|Notion|Stripe|Zapier|zoom",,,,,,,,,,,,,Appsumo,,,,,,,"Not Available",,,,,,,,,,,,,,,,,,,,,,,,,,,,,,,,,,,,,,,,,,,,,,,Dec-22,,,,,,,,,,,,,,,,,,,,,,,,,,"Email|Live Chat|Ticketing","Android|IOS|Web Based|Windows",,,,,,,,,,,,,,,,,,,,,,,,,,,,,,,,
22654,"WP Force SSL: All in one Plugin to Fix SSL Problems in Wordpress",,product,external,0,59,,"Wordpress Plugins>Security Plugin","WebFactory LTD",,https://wpappsfomo.test/reviews/wp-force-ssl/,"2022-11-28 10:49:12",https://wpforcessl.com/,"Buy Now",,,,,,,,,,,,,,,,,,,,,,,,,,,,,,,,,,,,,,,,,,,,,,,,,,,,,,,,,,,,,,,,,,,,,,,,,,,,,,,,,,,,,,,,,,,,,,,,,,,,,,,,,,,,,,,,,,,,,,,,,,,,,,,,,,,,,,,,,,,,,,,,,,,,,,,,,,,,,,,,,,,,,,,,,,,,,,,,,,,,,,,,,,,,,,,,,,,,,,,,,,,,,,,,,,
22670,"Grab Your Reviews: Maximizing Your Online Reputation with Reviews",,product,external,0,29,,"SaaS>Marketing and Sales","Grab Your Reviews",,https://wpappsfomo.test/reviews/grab-your-reviews/,"2022-12-12 04:51:59",https://shop.appsfomo.com/p/lKLc/r,"Sign Up",,,,,,,No,,,,,,,,,,,,,,,,,,,,,,,,,,,,India,,,,,,,,,,,,,,,,,,,,,,,,,,,,,,,,,,,,"Free Trial",,,,,,,,,,,2020,,Zapier,,,,,,,,,,,,,Appsumo,,,,,,,"Not Available",,,,,,,,,,,,,,,,,,,,,,,,,,,,,,,,,,,,,,,,,,,,,,,Dec-22,,,,,,,,,,,,,,,,,,,,,,,,,,"Email|Live Chat|Phone call|Ticketing","Android|Web Based",,,,,,,,,,,,,,,,,,,,,,,,,,,,,,,,
23000,"LeadRocks: The Best Lead Generation Tool for Your Business",,product,external,0,29,,"SaaS>Business Tools",LeadRocks,,https://wpappsfomo.test/reviews/leadrocks/,"2022-12-08 13:29:01",https://shop.appsfomo.com/p/nCwY/r,"Sign Up",,,,,,,No,,,,,,,,,,,,,,,,,,,,,,,,,,,,Cyprus,,,,,,,,,,,,,,,,,,,,,,,,,,,,,,,,,,,,"Free Tier",,,,,,,,,,,2022,,Chrome|Linkedin,,,,,,,,,,,,,Appsumo,,,,,,,"Not Available",,,,,,,,,,,,,,,,,,,,,,,,,,,,,,,,,,,,,,,,,,,,,,,Dec-22,,,,,,,,,,,,,,,,,,,,,,,,,,"Email|Live Chat","Web Based|Windows",,,,,,,,,,,,,,,,,,,,,,,,,,,,,,,,
23042,"Pxl.to: The URL Shortener with No Downtime or Click limitations",,product,external,0,30,,"SaaS>Marketing and Sales",pxl.to,,https://wpappsfomo.test/reviews/pxl-to/,"2022-12-08 13:13:49",https://shop.appsfomo.com/p/u5aq/r,"Sign Up",,,,,,,Yes,,,,,,,,,,,,,,,,,,,,,,,,,,,,USA,,,,,,,,,,,,,,,,,,,,,,,,,,,,,,,,,,,,"Free Trial",,,,,,,,,,,2022,,"Facebook pixel|Google Adwords|Google Analytics|Linkedin",,,,,,,,,,,,,Appsumo,,,,,,,"Not Available",,,,,,,,,,,,,,,,,,,,,,,,,,,,,,,,,,,,,,,,,,,,,,,Dec-22,,,,,,,,,,,,,,,,,,,,,,,,,,Email,"Web Based",,,,,,,,,,,,,,,,,,,,,,,,,,,,,,,,
23323,"RankMath: The Ultimate Tool for Optimizing Your Wordpress Website's SEO",,product,external,0,59,,"Wordpress Plugins>SEO Plugin","Rank Math",,https://wpappsfomo.test/reviews/rankmath/,"2022-12-31 07:38:04",https://rankmath.com/?ref=rohit-6407,"Buy Now",,,,,,,,,,,,,,,,,,,,,,,,,,,,,,,,,,,,,,,,,,,,,,,,,,,,,,,,,,,,,,,,,,,,,,,,,,,,,,,,,,,,,,,,,,,,,,,,,,,,,,,,,,,,,,,,,,,,,,,,,,,,,,,,,,,,,,,,,,,,,,,,,,,,,,,,,,,,,,,,,,,,,,,,,,,,,,,,,,,,,,,,,,,,,,,,,,,,,,,,,,,,,,,,,,
23517,"Meta API: The Open API Platform for Accelerating Code, Authentication & Deployment",,product,external,0,9.6,,"SaaS>Automation and Data","Meta API",,https://wpappsfomo.test/reviews/meta-api/,"2023-01-04 14:38:14",https://www.meta-api.io/,"Sign Up Today",,,,,,,,,,,,,,,,,,,,,,,,,,,,,,,,,,,France,,,,,,,,,,,,,,,,,,,,,,,,,,,,,,,,,,,,Available,,,,,,,,,,,2019,,"API integration to multiple applications.",,,,,,,,,,,,,Appsumo,,,,,,,"Not Available",,,,,,,,,,,,,,,,,,,,,,,,,,,,,,,,,,,,,,,,,,,,,,,,,,,,,,,,,,,,,,,,,,,,,,,,,"Email|Live Chat|Ticketing","Browser|Mac|Web Based",,,,,,,,,,,,,,,,,,,,,,,,,,,,,,,,
23719,"Boost.space: The Best Platform to Sync Data between Applications",,product,external,0,8.5,,"SaaS>Automation and Data",Boost.space,,https://wpappsfomo.test/reviews/boost-space/,"2022-12-31 05:27:12",https://boost.space/,"Sign Up Today",,,,,,,,,,,,,,,,,,,,,,,,,,,,,,,,,,,"Prague, CZ",,,,,,,,,,,,,,,,,,,,,,,,,,,,,,,,,,,,"Not Available",,,,,,,,,,,2017,,"Gmail|Google Analytics|Google Drive|Hubspot|Mailchimp",,,,,,,,,,,,,Appsumo,,,,,,,"Not Available",,,,,,,,,,,,,,,,,,,,,,,,,,,,,,,,,,,,,,,,,,,,,,,,,,,,,,,,,,,,,,,,,,,,,,,,,"Email|Live Chat|Ticketing","Web Based",,,,,,,,,,,,,,,,,,,,,,,,,,,,,,,,
24051,"Instantly: The AI-Powered Cold Email Campaign Management Platform",,product,external,0,37,,"SaaS>Marketing and Sales",Instantly,,https://wpappsfomo.test/reviews/instantly-ai/,"2023-01-06 09:52:07",https://instantly.ai/,"Sign Up",,,,,,,No,,,,,,,,,,,,,,,,,,,,,,,,,,,,Unknown,,,,,,,,,,,,,,,,,,,,,,,,,,,,,,,,,,,,"Not Available",,,,,,,,,,,2021,,Zapier,,,,,,,,,,,,,Appsumo,,,,,,,"Not Available",,,,,,,,,,,,,,,,,,,,,,,,,,,,,,,,,,,,,,,,,,,,,,,Dec-22,,,,,,,,,,,,,,,,,,,,,,,,,,"Email|Live Chat","Browser|Web Based",,,,,,,,,,,,,,,,,,,,,,,,,,,,,,,,
24723,"Sessions:Maximizing Your Productivity with User-Friendly Meeting Platform",,product,external,0,90,,"SaaS>Video &amp; Media",Sessions,,https://wpappsfomo.test/reviews/sessions/,"2023-01-13 05:59:09",https://www.sessions.us/,"Sign Up",,,,,,,No,,,,,,,,,,,,,,,,,,,,,,,,,,,,USA,,,,,,,,,,,,,,,,,,,,,,,,,,,,,,,,,,,,Available,,,,,,,,,,,2021,,Yes,,,,,,,,,,,,,N/A,,,,,,,"Not Available",,,,,,,,,,,,,,,,,,,,,,,,,,,,,,,,,,,,,,,,,,,,,,,"January 2023",,,,,,,,,,,,,,,,,,,,,,,,,,Email|Ticketing,"Browser|Web Based",,,,,,,,,,,,,,,,,,,,,,,,,,,,,,,,
24990,"Pabbly Connect: Streamlining Your Workflow with Advanced Automation Features",,product,external,0,14,,"SaaS>Automation and Data","Pabbly Connect",,https://wpappsfomo.test/reviews/pabbly-connect/,"2023-01-23 11:22:44",https://payments.pabbly.com/api/affurl/RVYZ07kQyUZ0Z1HUKZ1m/4Ngdbf0I90Z1ubiJn?target=nMfdbf0I90K3UdJn,"Sign Up",,,,,,,Yes,,,,,,,,,,,,,,,,,,,,,,,,,,,,India,,,,,,,,,,,,,,,,,,,,,,,,,,,,,,,,,,,,Available,,,,,,,,,,,2018,,Yes,,,,,,,,,,,,,N/A,,,,,,,"Not Available",,,,,,,,,,,,,,,,,,,,,,,,,,,,,,,,,,,,,,,,,,,,,,,"January 2023",,,,,,,,,,,,,,,,,,,,,,,,,,"Email|Facebook Group|Live Chat|Ticketing","Browser|Web Based",,,,,,,,,,,,,,,,,,,,,,,,,,,,,,,,
25257,"Blackbox: The Best OCR Ever for Copying Text from Videos, Images, PDFs",,product,external,0,2.32,,"SaaS>Business Tools",Blackbox,,https://wpappsfomo.test/reviews/blackbox/,"2023-01-23 11:40:06",https://www.useblackbox.io/landingPage,"Sign Up",,,,,,,No,,,,,,,,,,,,,,,,,,,,,,,,,,,,Canada,,,,,,,,,,,,,,,,,,,,,,,,,,,,,,,,,,,,Available,,,,,,,,,,,2020,,Yes,,,,,,,,,,,,,Appsumo,,,,,,,"Not Available",,,,,,,,,,,,,,,,,,,,,,,,,,,,,,,,,,,,,,,,,,,,,,,"January 2023",,,,,,,,,,,,,,,,,,,,,,,,,,"Email|Live Chat|Ticketing","Browser|Chromebook|Mac|Web Based|Windows",,,,,,,,,,,,,,,,,,,,,,,,,,,,,,,,
25343,"MasterStudy LMS: The Ultimate Tool for Creating Your Own eLearning Platform",,product,external,0,59,,"Wordpress Plugins>LMS","MasterStudy LMS",,https://wpappsfomo.test/reviews/masterstudy-lms/,"2023-01-25 07:55:02",https://stylemixthemes.com/wordpress-lms-plugin/,"Buy Now",,,,,,,Yes,,,,,,,,,,,,"Igor Ligay",,,,,,,,,"Learndash|Moodle LMS|WP LMS",,,,,,,USA,,,,,,,,,,,,Excellent,,,,,,,,,,,,,,,,,,,,,,,,Available,,,,,,,,,,,2018,,,,,,,,,,,,,,,Appsumo,,,,,"Appsumo|Own Site",,,,,,,,,,,,,,,,"Cost Calculator, GDPR, eRoom",,,,,,,,,,,,,,,,,,,,,,,,,,,,,,,,,"January 2023",,,,,,,,,,,,,,,,,,,,,,,,,,"Email|Live Chat|Ticketing",,,,,,,,,,,,,,,,,,,,,,,,,,,,,,,,,
25427,"SEOcrawl: Grow your SEO and Improve Your Website's Ranking",,product,external,0,9.79,,"SaaS>Marketing and Sales",SEOcrawl,,https://wpappsfomo.test/reviews/seocrawl/,"2023-01-30 04:45:02",https://seocrawl.com/en/,"Sign Up",,,,,,,Yes,,,,,,,,,,,,,,,,,,,,,,,,,,,,Spain,,,,,,,,,,,,,,,,,,,,,,,,,,,,,,,,,,,,Available,,,,,,,,,,,2020,,Yes,,,,,,,,,,,,,Appsumo,,,,,,,"Not Available",,,,,,,,,,,,,,,,,,,,,,,,,,,,,,,,,,,,,,,,,,,,,,,"January 2023",,,,,,,,,,,,,,,,,,,,,,,,,,"Email|Live Chat|Phone call|Ticketing","Browser|Linux|Mac|Web Based|Windows",,,,,,,,,,,,,,,,,,,,,,,,,,,,,,,,
25436,"Sucuri: The Ultimate Tool for Securing Your Website from Cyber Attacks",,product,external,0,199,,"SaaS>Hosting &amp; Cloud Services",Godaddy,,https://wpappsfomo.test/reviews/sucuri/,"2023-01-31 12:00:08",https://sucuri.net/referral/,"Sign Up",,,,,,,Yes,,,,,,,,,,,,,,,,,,,,,,,,,,,,USA,,,,,,,,,,,,,,,,,,,,,,,,,,,,,,,,,,,,"Not Available",,,,,,,,,,,2010,,Yes,,,,,,,,,,,,,N/A,,,,,,,"Not Available",,,,,,,,,,,,,,,,,,,,,,,,,,,,,,,,,,,,,,,,,,,,,,,"January 2023",,,,,,,,,,,,,,,,,,,,,,,,,,"Live Chat|Phone call","Browser|Web Based",,,,,,,,,,,,,,,,,,,,,,,,,,,,,,,,
25474,"steve.ai: Revolutionize Your Video Creation with the best AI-Powered Platform",,product,external,0,20,,"SaaS>Video &amp; Media",Animaker,,https://wpappsfomo.test/reviews/steve-ai/,"2023-01-30 08:57:14",https://www.steve.ai/,"Sign Up",,,,,,,No,,,,,,,,,,,,,,,,,,,,,,,,,,,,USA,,,,,,,,,,,,,,,,,,,,,,,,,,,,,,,,,,,,"Not Available",,,,,,,,,,,2013,,Yes,,,,,,,,,,,,,Appsumo,,,,,,,"Not Available",,,,,,,,,,,,,,,,,,,,,,,,,,,,,,,,,,,,,,,,,,,,,,,"January 2023",,,,,,,,,,,,,,,,,,,,,,,,,,"Email|Live Chat","Browser|Web Based",,,,,,,,,,,,,,,,,,,,,,,,,,,,,,,,
25514,"Make: The Visual Platform for Building and Automating Anything",,product,external,0,11,,"SaaS>Automation and Data","Celonis Inc",,https://wpappsfomo.test/reviews/make/,"2023-01-31 11:39:32",https://www.integromat.com/?pc=appsfomo,"Sign Up",,,,,,,Yes,,,,,,,,,,,,,,,,,,,,,,,,,,,,"Czech Republic",,,,,,,,,,,,,,,,,,,,,,,,,,,,,,,,,,,,Available,,,,,,,,,,,2012,,Yes,,,,,,,,,,,,,N/A,,,,,,,Available,,,,,,,,,,,,,,,,,,,,,,,,,,,,,,,,,,,,,,,,,,,,,,,"January 2023",,,,,,,,,,,,,,,,,,,,,,,,,,"Email|Live Chat|Ticketing","Android|Browser|IOS|Mac|Web Based",,,,,,,,,,,,,,,,,,,,,,,,,,,,,,,,
25687,"Jasper: The AI Content Generator for Creating Original Content Faster",,product,external,0,59,,"SaaS>Content creation","Jasper AI Inc",,https://wpappsfomo.test/reviews/jasper/,"2023-02-03 07:22:01",https://www.jasper.ai/,"Sign Up",,,,,,,Yes,,,,,,,,,,,,,,,,,,,,,,,,,,,,USA,,,,,,,,,,,,,,,,,,,,,,,,,,,,,,,,,,,,Available,,,,,,,,,,,2020,,Yes,,,,,,,,,,,,,N/A,,,,,,,"Not Available",,,,,,,,,,,,,,,,,,,,,,,,,,,,,,,,,,,,,,,,,,,,,,,"January 2023",,,,,,,,,,,,,,,,,,,,,,,,,,"Email|Facebook Group|Live Chat|Ticketing","Browser|Web Based",,,,,,,,,,,,,,,,,,,,,,,,,,,,,,,,
25727,"Katteb: Fact-Checked Writing Platform for Producing High-Quality Content",,product,external,0,15,,"SaaS>Content creation","Katteb LLC",,https://wpappsfomo.test/reviews/katteb/,"2023-02-04 10:07:36",https://appsumo.com/products/katteb/?clickId=QMI34MWUvxyNW9HXf-wTK2UXUkAy0bwl%3AWG7Vg0&irgwc=1&utm_medium=2335111&utm_campaign=Online%20Tracking%20Link&utm_source=IR,"Sign Up",,,,,,,Yes,,,,,,,,,,,,,,,,,,,,,,,,,,,,USA,,,,,,,,,,,,,,,,,,,,,,,,,,,,,,,,,,,,Available,,,,,,,,,,,2021,,Yes,,,,,,,,,,,,,N/A,,,,,,,"Not Available",,,,,,,,,,,,,,,,,,,,,,,,,,,,,,,,,,,,,,,,,,,,,,,"February 2023",,,,,,,,,,,,,,,,,,,,,,,,,,"Help center|Live Chat","Browser|Web Based",,,,,,,,,,,,,,,,,,,,,,,,,,,,,,,,
25753,"Shopper.com: Maximizing Your Affliate earning from 25000 Stores",,product,external,0,25,,"SaaS>Marketing and Sales",Shopper,,https://wpappsfomo.test/reviews/shopper/,"2023-02-06 11:07:40",https://www.shopper.com/,"Sign Up",,,,,,,Yes,,,,,,,,,,,,,,,,,,,,,,,,,,,,USA,,,,,,,,,,,,,,,,,,,,,,,,,,,,,,,,,,,,Available,,,,,,,,,,,2015,,Yes,,,,,,,,,,,,,N/A,,,,,,,"Not Available",,,,,,,,,,,,,,,,,,,,,,,,,,,,,,,,,,,,,,,,,,,,,,,"February 2023",,,,,,,,,,,,,,,,,,,,,,,,,,"Live Chat","Browser|Web Based",,,,,,,,,,,,,,,,,,,,,,,,,,,,,,,,
25795,"Elai.io: Create Video Content with Real Human Narrators from Text",,product,external,0,23,,"SaaS>Video &amp; Media",Elai.io,,https://wpappsfomo.test/reviews/elai-review/,"2023-02-06 11:09:41",https://elai.io/,"Sign Up",,,,,,,Yes,,,,,,,,,,,,,,,,,,,,,,,,,,,,Ukraine,,,,,,,,,,,,,,,,,,,,,,,,,,,,,,,,,,,,Available,,,,,,,,,,,2021,,No,,,,,,,,,,,,,LTDhunt,,,,,,,"Not Available",,,,,,,,,,,,,,,,,,,,,,,,,,,,,,,,,,,,,,,,,,,,,,,"January 2023",,,,,,,,,,,,,,,,,,,,,,,,,,"Email|Live Chat|Ticketing","Browser|Web Based",,,,,,,,,,,,,,,,,,,,,,,,,,,,,,,,
25809,"Geru: The Ultimate Tool for Planning Your Marketing Strategy",,product,external,0,37,,"SaaS>Marketing and Sales|Uncategorized Reviews","Etison LLC",,https://wpappsfomo.test/reviews/geru/,"2023-02-13 06:48:07",https://www.geru.com/,"Sign Up",,,,,,,Yes,,,,,,,,,,,,,,,,,,,,,,,,,,,,USA,,,,,,,,,,,,,,,,,,,,,,,,,,,,,,,,,,,,"Not Available",,,,,,,,,,,2000,,Yes,,,,,,,,,,,,,"Geru Lifetime Standard",,,,,,,"Not Available",,,,,,,,,,,,,,,,,,,,,,,,,,,,,,,,,,,,,,,,,,,,,,,"February 2023",,,,,,,,,,,,,,,,,,,,,,,,,,"Help center|Live Chat","Browser|Web Based",,,,,,,,,,,,,,,,,,,,,,,,,,,,,,,,
25837,"LiquidPoll: Creating Engaging Surveys with Advanced Features",,product,external,0,79,,"Wordpress Plugins>Forms &amp; Popups",LiquidPoll,,https://wpappsfomo.test/reviews/liquidpoll/,"2023-02-07 12:42:37",https://www.liquidpoll.com/ref/23/,"Buy Now",,,,,,,Yes,,,,,,,,,,,,"Francisco Opazo",,,,,,,,,"WP Forms|YOP Polls",,,,,,,,,,,,,,,,,,,Excellent,,,,,,,,,,,,,,,,,,,,,,,,Available,,,,,,,,,,,,,,,,,,,,,,,,,,N/A,,,,,"Own Site|WP.org",,,,,,,,,,,,,,,,None,,,,,,,,,,,,,,,,,,,,,,,,,,,,,,,,,"January 2023",,,,,,,,,,,,,,,,,,,,,,,,,,"Email|Live Chat|Ticketing",,,,,,,,,,,,,,,,,,,,,,,,,,,,,,,,,
25959,"Shopia: The AI-Powered Content Writing Assistant for Teams",,product,external,0,6,,"SaaS>Content creation","Shopia Ltd",,https://wpappsfomo.test/reviews/shopia/,"2023-02-13 07:30:40",https://www.shopia.ai/,"Sign Up",,,,,,,Yes,,,,,,,,,,,,,,,,,,,,,,,,,,,,USA,,,,,,,,,,,,,,,,,,,,,,,,,,,,,,,,,,,,Available,,,,,,,,,,,2021,,Yes,,,,,,,,,,,,,Dealify,,,,,,,"Not Available",,,,,,,,,,,,,,,,,,,,,,,,,,,,,,,,,,,,,,,,,,,,,,,"February 2023",,,,,,,,,,,,,,,,,,,,,,,,,,"Emails|Help center","Browser|Web Based",,,,,,,,,,,,,,,,,,,,,,,,,,,,,,,,
25980,"Integrately: Automate Your Business with Advanced Workflow Builder",,product,external,0,19.99,,"SaaS>Automation and Data","Company Hub",,https://wpappsfomo.test/reviews/integrately/,"2023-02-10 12:13:27",https://integrately.com/,"Sign Up",,,,,,,Yes,,,,,,,,,,,,,,,,,,,,,,,,,,,,India,,,,,,,,,,,,,,,,,,,,,,,,,,,,,,,,,,,,Available,,,,,,,,,,,2015,,Yes,,,,,,,,,,,,,N/A,,,,,,,"Not Available",,,,,,,,,,,,,,,,,,,,,,,,,,,,,,,,,,,,,,,,,,,,,,,"February 2023",,,,,,,,,,,,,,,,,,,,,,,,,,"Email|Live Chat|Ticketing","Browser|Web Based",,,,,,,,,,,,,,,,,,,,,,,,,,,,,,,,
26029,"Social Snap: How to Boost Your Social Media Presence in Wordpress",,product,external,0,39,,"SaaS>Automation and Data","Social Snap LLC",,https://wpappsfomo.test/reviews/socialsnap/,"2023-02-24 06:05:57",https://socialsnap.com/?ref=1926,"Sign Up",,,,,,,Yes,,,,,,,,,,,,,,,,,,,,,,,,,,,,USA,,,,,,,,,,,,,,,,,,,,,,,,,,,,,,,,,,,,"Not Available",,,,,,,,,,,2001,,Yes,,,,,,,,,,,,,N/A,,,,,,,"Not Available",,,,,,,,,,,,,,,,,,,,,,,,,,,,,,,,,,,,,,,,,,,,,,,"January 2023",,,,,,,,,,,,,,,,,,,,,,,,,,"Live Chat|Ticketing","Browser|Web Based",,,,,,,,,,,,,,,,,,,,,,,,,,,,,,,,
26053,"pCloud: The Best Lifetime Cloud Storage Service",,product,external,0,59.88,49.99,"Backup|Cloud Storage|SaaS","pCloud Backup",,https://wpappsfomo.test/reviews/pcloud/,"2023-02-13 12:02:49",https://partner.pcloud.com/r/14321,"Sign Up",,,,,,,Yes,,,,,,,,,,,,,,,,,,,,,,,,,,,,Europe,,,,,,,,,,,,,,,,,,,,,,,,,,,,,,,,,,,,Available,,,,,,,,,,,2013,,Yes,,,,,,,,,,,,,"own website",,,,,,,Available,,,,,,,,,,,,,,,,,,,,,,,,,,,,,,,,,,,,,,,,,,,,,,,"February 2023",,,,,,,,,,,,,,,,,,,,,,,,,,"Emails|Online Form|Phone call","Android|Browser|IOS|Linux|Mac|Web Based|Windows",,,,,,,,,,,,,,,,,,,,,,,,,,,,,,,,
26087,"Notion: the Only Productivity App You'll Ever Need for your Team",,product,external,0,8,,"SaaS>Project Management","Notion Labs Inc",,https://wpappsfomo.test/reviews/notion/,"2023-02-15 05:54:21",https://affiliate.notion.so/lgcychegyjdq,"Sign Up",,,,,,,Yes,,,,,,,,,,,,,,,,,,,,,,,,,,,,USA,,,,,,,,,,,,,,,,,,,,,,,,,,,,,,,,,,,,Available,,,,,,,,,,,2016,,Yes,,,,,,,,,,,,,Appsumo,,,,,,,Available,,,,,,,,,,,,,,,,,,,,,,,,,,,,,,,,,,,,,,,,,,,,,,,"February 2023",,,,,,,,,,,,,,,,,,,,,,,,,,"Email|Live Chat|Phone call|Ticketing","Android|Browser|IOS|Mac|Web Based|Windows",,,,,,,,,,,,,,,,,,,,,,,,,,,,,,,,
26157,"HyperHost: Best Lifetime Web Hosting Provider for Your Website",,product,external,0,2.5,,"SaaS>Hosting &amp; Cloud Services","Hyper Host",,https://wpappsfomo.test/reviews/hyperhost/,"2023-02-16 12:32:41",https://cp.hyper.host/?aff=11aec6d0b1,"Sign Up",,,,,,,Yes,,,,,,,,,,,,,,,,,,,,,,,,,,,,USA,,,,,,,,,,,,,,,,,,,,,,,,,,,,,,,,,,,,Available,,,,,,,,,,,2017,,N/A,,,,,,,,,,,,,Dealify,,,,,,,"Not Available",,,,,,,,,,,,,,,,,,,,,,,,,,,,,,,,,,,,,,,,,,,,,,,"February 2023",,,,,,,,,,,,,,,,,,,,,,,,,,"Email|Live Chat|Ticketing","Web Based|Windows",,,,,,,,,,,,,,,,,,,,,,,,,,,,,,,,
26262,"Typebot: Maximizing Customer Engagement with Personalized Chatbots",,product,external,0,39,,"chatbot|SaaS>Communication|conversational app|typebot",Typebot,,https://wpappsfomo.test/reviews/creating-conversational-chatbots-using-typebot/,"2023-02-24 10:56:32",https://typebot.io/,"Sign Up",,,,,,,No,,,,,,,,,,,,,,,,,,,,,,,,,,,,Unknown,,,,,,,,,,,,,,,,,,,,,,,,,,,,,,,,,,,,Available,,,,,,,,,,,2020,,Yes,,,,,,,,,,,,,convertdeal.com,,,,,,,"Not Available",,,,,,,,,,,,,,,,,,,,,,,,,,,,,,,,,,,,,,,,,,,,,,,"February 2023",,,,,,,,,,,,,,,,,,,,,,,,,,"Emails|Live Chat","Browser|Web Based",,,,,,,,,,,,,,,,,,,,,,,,,,,,,,,,
26263,"Outranking: Best AI-Powered Content Research, Writing, and Optimization Tool",,product,external,0,7,,"SaaS>Content creation","Outranking LLC",,https://wpappsfomo.test/reviews/outranking/,"2023-02-17 12:22:06",https://www.outranking.io/,"Sign Up",,,,,,,Yes,,,,,,,,,,,,,,,,,,,,,,,,,,,,USA,,,,,,,,,,,,,,,,,,,,,,,,,,,,,,,,,,,,"Not Available",,,,,,,,,,,2016,,Yes,,,,,,,,,,,,,Appsumo,,,,,,,"Not Available",,,,,,,,,,,,,,,,,,,,,,,,,,,,,,,,,,,,,,,,,,,,,,,"February 2023",,,,,,,,,,,,,,,,,,,,,,,,,,"Email|Live Chat|Ticketing",Browser,,,,,,,,,,,,,,,,,,,,,,,,,,,,,,,,
26265,"Hide My WP: Easiest way to hide WordPress from Hackers",,product,external,0,23,,"SaaS>Hosting &amp; Cloud Services",squirrly,,https://wpappsfomo.test/reviews/hide-my-wp-ghost/,"2023-02-28 10:02:59",https://hidemywpghost.com/,"Sign Up",,,,,,,Yes,,,,,,,,,,,,,,,,,,,,,,,,,,,,UK,,,,,,,,,,,,,,,,,,,,,,,,,,,,,,,,,,,,"Not Available",,,,,,,,,,,2012,,Yes,,,,,,,,,,,,,N/A,,,,,,,"Not Available",,,,,,,,,,,,,,,,,,,,,,,,,,,,,,,,,,,,,,,,,,,,,,,"February 2023",,,,,,,,,,,,,,,,,,,,,,,,,,Emails,"Browser|Web Based",,,,,,,,,,,,,,,,,,,,,,,,,,,,,,,,
26371,"HelloScribe: The Smart Tool for Creating Quality Content at Scale",,product,external,0,39,,"SaaS>Content creation",HelloScribe.ai,,https://wpappsfomo.test/reviews/helloscribe/,"2023-02-21 07:50:16",https://www.helloscribe.ai/,"Sign Up",,,,,,,No,,,,,,,,,,,,,,,,,,,,,,,,,,,,USA,,,,,,,,,,,,,,,,,,,,,,,,,,,,,,,,,,,,Available,,,,,,,,,,,2021,,No,,,,,,,,,,,,,N/A,,,,,,,"Not Available",,,,,,,,,,,,,,,,,,,,,,,,,,,,,,,,,,,,,,,,,,,,,,,"February 2023",,,,,,,,,,,,,,,,,,,,,,,,,,"Email|Live Chat|Ticketing",Browser,,,,,,,,,,,,,,,,,,,,,,,,,,,,,,,,
26384,"Monspark: Uptime Monitoring for your Website, Server, or Application",,product,external,0,8,,"SaaS>Business Tools","Peyk Inc",,https://wpappsfomo.test/reviews/monspark/,"2023-02-22 11:25:56",https://www.monspark.com/,"Sign Up",,,,,,,No,,,,,,,,,,,,,,,,,,,,,,,,,,,,USA,,,,,,,,,,,,,,,,,,,,,,,,,,,,,,,,,,,,Available,,,,,,,,,,,2021,,Yes,,,,,,,,,,,,,Appsumo,,,,,,,"Not Available",,,,,,,,,,,,,,,,,,,,,,,,,,,,,,,,,,,,,,,,,,,,,,,"February 2023",,,,,,,,,,,,,,,,,,,,,,,,,,"Email|Live Chat|Phone call|Ticketing",Browser,,,,,,,,,,,,,,,,,,,,,,,,,,,,,,,,
26479,"Depositphotos: Find The Perfect Image from Huge Stock Image Library",,product,external,0,9.99,,"SaaS|Stock photography",Depositphotos,,https://wpappsfomo.test/reviews/depositphotos/,"2023-03-07 12:03:00",https://depositphotos.com/,"Sign Up",,,,,,,Yes,,,,,,,,,,,,,,,,,,,,,,,,,,,,USA,,,,,,,,,,,,,,,,,,,,,,,,,,,,,,,,,,,,Available,,,,,,,,,,,2009,,Yes,,,,,,,,,,,,,,,,,,,,Available,,,,,,,,,,,,,,,,,,,,,,,,,,,,,,,,,,,,,,,,,,,,,,,"February 2023",,,,,,,,,,,,,,,,,,,,,,,,,,"Blogs|Emails|Help center|Live Chat|Phone call","Android|Browser|Desktop|IOS|Web Based|Windows",,,,,,,,,,,,,,,,,,,,,,,,,,,,,,,,
26488,"Serpstat: Maximizing Your Online Presence With Comprehensive SEO Toolkit",,product,external,0,69,,"SaaS>Hosting &amp; Cloud Services","Netpeak Group",,https://wpappsfomo.test/reviews/serpstat/,"2023-03-08 08:45:00",https://serpstat.com/?ref=306883,"Sign Up",,,,,,,Yes,,,,,,,,,,,,,,,,,,,,,,,,,,,,USA,,,,,,,,,,,,,,,,,,,,,,,,,,,,,,,,,,,,"Free Trial",,,,,,,,,,,2013,,Yes,,,,,,,,,,,,,N/A,,,,,,,"Not Available",,,,,,,,,,,,,,,,,,,,,,,,,,,,,,,,,,,,,,,,,,,,,,,"February 2023",,,,,,,,,,,,,,,,,,,,,,,,,,"Help center|Live Chat","Browser|Web Based",,,,,,,,,,,,,,,,,,,,,,,,,,,,,,,,
26515,"Cwicly Builder: Flexible and Advanced Gutenberg WordPress Blocks",,product,external,0,52,,"Wordpress Plugins>Page Builder",Cwicly,,https://wpappsfomo.test/reviews/cwicly/,"2023-02-28 06:10:57",https://cwicly.com/affiliates/,"Buy Now",,,,,,,Yes,,,,,,,,,,,,"Alexander Desire",,,,,,,,,Elementor|Wix,,,,,,,N/A,,,,,,,,,,,,Excellent,,,,,,,,,,,,,,,,,,,,,,,,Available,,,,,,,,,,,2021,,,,,,,,,,,,,,,"Appsumo,Other",,,,,"Appsumo|Own Site",,,,,,,,,,,,,,,,None,,,,,,,,,,,,,,,,,,,,,,,,,,,,,,,,,"February 2023",,,,,,,,,,,,,,,,,,,,,,,,,,Email|Ticketing,,,,,,,,,,,,,,,,,,,,,,,,,,,,,,,,,
26530,"DigitalOcean: Simplify Your Cloud Infrastructure, Scalable and Flexible",,product,external,0,4,,"Cloud Computing|SaaS",DigitalOcean,,https://wpappsfomo.test/reviews/digitalocean/,"2023-03-07 15:32:30",https://www.digitalocean.com/,"Sign Up",,,,,,,Yes,,,,,,,,,,,,,,,,,,,,,,,,,,,,USA,,,,,,,,,,,,,,,,,,,,,,,,,,,,,,,,,,,,Available,,,,,,,,,,,2011,,Yes,,,,,,,,,,,,,,,,,,,,"Not Available",,,,,,,,,,,,,,,,,,,,,,,,,,,,,,,,,,,,,,,,,,,,,,,"February 2023",,,,,,,,,,,,,,,,,,,,,,,,,,"Emails|Help center","Browser|Web Based",,,,,,,,,,,,,,,,,,,,,,,,,,,,,,,,
26532,"Bhuman AI: Create Personalized Videos at Scale with the help of AI",,product,external,0,39,,"SaaS>Video &amp; Media","BHuman Technologies Inc",,https://wpappsfomo.test/reviews/bhuman/,"2023-02-27 14:35:56",https://appsumo.com/products/bhuman/,"Sign Up",,,,,,,Yes,,,,,,,,,,,,,,,,,,,,,,,,,,,,USA,,,,,,,,,,,,,,,,,,,,,,,,,,,,,,,,,,,,"Free Trial",,,,,,,,,,,2020,,Yes,,,,,,,,,,,,,Appsumo|Lifetimo,,,,,,,"Not Available",,,,,,,,,,,,,,,,,,,,,,,,,,,,,,,,,,,,,,,,,,,,,,,"February 2023",,,,,,,,,,,,,,,,,,,,,,,,,,"Help center|Live Chat","Browser|Web Based",,,,,,,,,,,,,,,,,,,,,,,,,,,,,,,,
26588,"SuperOkay: Customizable Client Portal for Easy Project Sharing",,product,external,0,19,,"SaaS>Project Management","Specstimate Limited",,https://wpappsfomo.test/reviews/superokay/,"2023-03-01 07:34:44",https://superokay.com?via=appsfomo,"Sign Up",,,,,,,Yes,,,,,,,,,,,,,,,,,,,,,,,,,,,,UK,,,,,,,,,,,,,,,,,,,,,,,,,,,,,,,,,,,,Available,,,,,,,,,,,2017,,Yes,,,,,,,,,,,,,Appsumo,,,,,,,"Not Available",,,,,,,,,,,,,,,,,,,,,,,,,,,,,,,,,,,,,,,,,,,,,,,"February 2023",,,,,,,,,,,,,,,,,,,,,,,,,,"Email|Live Chat",Browser,,,,,,,,,,,,,,,,,,,,,,,,,,,,,,,,
26623,"Outscraper: The Ultimate Tool For Efficient Web Scraping and Data Extraction",,product,external,0,1,,"SaaS>Automation and Data",Outscraper,,https://wpappsfomo.test/reviews/outscraper/,"2023-03-08 08:53:06",https://outscraper.com/google-maps-scraper/,"Sign Up",,,,,,,No,,,,,,,,,,,,,,,,,,,,,,,,,,,,USA,,,,,,,,,,,,,,,,,,,,,,,,,,,,,,,,,,,,Available,,,,,,,,,,,2021,,Yes,,,,,,,,,,,,,Appsumo,,,,,,,"Not Available",,,,,,,,,,,,,,,,,,,,,,,,,,,,,,,,,,,,,,,,,,,,,,,"February 2023",,,,,,,,,,,,,,,,,,,,,,,,,,"Live Chat|Ticketing","Browser|Web Based",,,,,,,,,,,,,,,,,,,,,,,,,,,,,,,,
26635,"SalesRobot: How Can it Help Boost Your Lead Generation Efforts",,product,external,0,99,,"SaaS>Marketing and Sales",SalesRobot,,https://wpappsfomo.test/reviews/salesrobot/,"2023-03-07 10:37:18",https://www.salesrobot.co/,"Sign Up",,,,,,,No,,,,,,,,,,,,,,,,,,,,,,,,,,,,India,,,,,,,,,,,,,,,,,,,,,,,,,,,,,,,,,,,,Available,,,,,,,,,,,2017,,Yes,,,,,,,,,,,,,Appsumo,,,,,,,"Not Available",,,,,,,,,,,,,,,,,,,,,,,,,,,,,,,,,,,,,,,,,,,,,,,"March 2023",,,,,,,,,,,,,,,,,,,,,,,,,,"Email|Live Chat",Browser,,,,,,,,,,,,,,,,,,,,,,,,,,,,,,,,
26639,"ContextMinds: Streamline Your Content Creation and Management",,product,external,0,19,,"SaaS>Content creation",ContextMinds,,https://wpappsfomo.test/reviews/contextminds/,"2023-03-07 16:05:49",https://www.contextminds.com/,"Sign Up",,,,,,,No,,,,,,,,,,,,,,,,,,,,,,,,,,,,Europe,,,,,,,,,,,,,,,,,,,,,,,,,,,,,,,,,,,,Available,,,,,,,,,,,2018,,Facebook|shopify|Twitter|Wordpress,,,,,,,,,,,,,convertdeal.com,,,,,,,"Not Available",,,,,,,,,,,,,,,,,,,,,,,,,,,,,,,,,,,,,,,,,,,,,,,"February 2023",,,,,,,,,,,,,,,,,,,,,,,,,,"Blogs|Emails|Help center|Phone call",Android|Browser|IOS|Web,,,,,,,,,,,,,,,,,,,,,,,,,,,,,,,,
26705,"Systeme.io: Maximizing Your Online Marketing Potential With Automation",,product,external,0,27,,"SaaS>Marketing and Sales","ITACWT Limited",,https://wpappsfomo.test/reviews/systeme/,"2023-03-20 04:29:26",https://systeme.io/affiliate-program,"Sign Up",,,,,,,Yes,,,,,,,,,,,,,,,,,,,,,,,,,,,,Europe,,,,,,,,,,,,,,,,,,,,,,,,,,,,,,,,,,,,Available,,,,,,,,,,,2017,,Yes,,,,,,,,,,,,,N/A,,,,,,,"Not Available",,,,,,,,,,,,,,,,,,,,,,,,,,,,,,,,,,,,,,,,,,,,,,,"March 2023",,,,,,,,,,,,,,,,,,,,,,,,,,"Emails|Help center","Browser|Web Based",,,,,,,,,,,,,,,,,,,,,,,,,,,,,,,,
26712,"Pipio: Create Stunning Videos In Minutes With AI Technology",,product,external,0,25,,"SaaS|Video Generation",Pipio,,https://wpappsfomo.test/reviews/pipio-review/,"2023-03-15 14:03:43",https://www.mypipio.com/,"Sign Up",,,,,,,No,,,,,,,,,,,,,,,,,,,,,,,,,,,,USA,,,,,,,,,,,,,,,,,,,,,,,,,,,,,,,,,,,,Available,,,,,,,,,,,2019,,Yes,,,,,,,,,,,,,Appsumo,,,,,,,"Not Available",,,,,,,,,,,,,,,,,,,,,,,,,,,,,,,,,,,,,,,,,,,,,,,"March 2023",,,,,,,,,,,,,,,,,,,,,,,,,,"Email|Phone call","Browser|Web Based",,,,,,,,,,,,,,,,,,,,,,,,,,,,,,,,
26852,"ZeroWork: No-Code Solution For Automated Web Tasks",,product,external,0,40,,"SaaS>Automation and Data",ZeroWork,,https://wpappsfomo.test/reviews/zerowork/,"2023-03-14 05:31:40",https://app.zerowork.io/,"Sign Up",,,,,,,Yes,,,,,,,,,,,,,,,,,,,,,,,,,,,,N/A,,,,,,,,,,,,,,,,,,,,,,,,,,,,,,,,,,,,Available,,,,,,,,,,,2018,,Yes,,,,,,,,,,,,,Appsumo,,,,,,,"Not Available",,,,,,,,,,,,,,,,,,,,,,,,,,,,,,,,,,,,,,,,,,,,,,,"March 2023",,,,,,,,,,,,,,,,,,,,,,,,,,Email|Ticketing,Browser,,,,,,,,,,,,,,,,,,,,,,,,,,,,,,,,
26858,"WHMCS: 5 Key Features Of For Effective Web Hosting",,product,external,0,18,,"SaaS>Hosting &amp; Cloud Services","WHMCS Limited",,https://wpappsfomo.test/reviews/whmcs/,"2023-03-16 13:20:06",https://www.whmcs.com/,"Sign Up",,,,,,,Yes,,,,,,,,,,,,,,,,,,,,,,,,,,,,UK,,,,,,,,,,,,,,,,,,,,,,,,,,,,,,,,,,,,"Not Available",,,,,,,,,,,2005,,Yes,,,,,,,,,,,,,"License Farm|own website",,,,,,,Available,,,,,,,,,,,,,,,,,,,,,,,,,,,,,,,,,,,,,,,,,,,,,,,"March 2023",,,,,,,,,,,,,,,,,,,,,,,,,,"Live Chat|Ticketing","Browser|Web Based",,,,,,,,,,,,,,,,,,,,,,,,,,,,,,,,
26941,"WP Shifty: Boost Your Website Speed And Efficiency",,product,external,0,43,,"Wordpress Plugins>Wordpress Optimization","WP Shifty",,https://wpappsfomo.test/reviews/wp-shifty/,"2023-03-15 07:12:09",https://wp-shifty.com/,"Buy Now",,,,,,,No,,,,,,,,,,,,N/A,,,,,,,,,Perfmatters,,,,,,,N/A,,,,,,,,,,,,Excellent,,,,,,,,,,,,,,,,,,,,,,,,"Not Available",,,,,,,,,,,2021,,,,,,,,,,,,,,,Other,,,,,"Own Site",,,,,,,,,,,,,,,,None,,,,,,,,,,,,,,,,,,,,,,,,,,,,,,,,,"March 2023",,,,,,,,,,,,,,,,,,,,,,,,,,Email|Ticketing,,,,,,,,,,,,,,,,,,,,,,,,,,,,,,,,,
26985,"Hetzner Cloud VPS Hosting: Scalable, Redundant, And Cost-Effective",,product,external,0,4,,"SaaS>Hosting &amp; Cloud Services","Hetzner Online GmbH",,https://wpappsfomo.test/reviews/hetzner/,"2023-03-16 13:13:55",https://www.hetzner.com/cloud?pk_medium=referral-program&pk_content=6yBhe7dvGgU1,"Sign Up",,,,,,,No,,,,,,,,,,,,,,,,,,,,,,,,,,,,Europe,,,,,,,,,,,,,,,,,,,,,,,,,,,,,,,,,,,,"Not Available",,,,,,,,,,,1997,,Yes,,,,,,,,,,,,,"own website",,,,,,,"Not Available",,,,,,,,,,,,,,,,,,,,,,,,,,,,,,,,,,,,,,,,,,,,,,,"March 2023",,,,,,,,,,,,,,,,,,,,,,,,,,"Emails|Help center","Browser|Web Based",,,,,,,,,,,,,,,,,,,,,,,,,,,,,,,,
27005,"EWWW Image Optimizer: Say Goodbye To Slow Loading Images in Wordpress",,product,external,0,7,,"Image Optimizer|Wordpress Plugins","EWWW Image Optimizer",,https://wpappsfomo.test/reviews/ewww-image-optimizer/,"2023-04-14 11:49:18",https://ewww.io/,"Buy Now",,,,,,,Yes,,,,,,,,,,,,,,,,,,,,,,,,,,,,USA,,,,,,,,,,,,Excellent,,,,,,,,,,,,,,,,,,,,,,,,Available,,,,,,,,,,,2012,,,,,,,,,,,,,,,Appsumo,,,,,"Own Site",,,,,,,,,,,,,,,,,,,,,,,,,,,,,,,,,,,,,,,,,,,,,,,,,"March 2023",,,,,,,,,,,,,,,,,,,,,,,,,,Email|Ticketing,,,,,,,,,,,,,,,,,,,,,,,,,,,,,,,,,
27317,"Joinsecret: Your One-Stop Shop For Discounted Software Products",,product,external,0,199,,"Deals Platform|SaaS",Joinsecret,,https://wpappsfomo.test/reviews/joinsecret/,"2023-03-27 05:08:51",https://www.joinsecret.com/?r=fcdb9fe0d8f3,"Sign Up",,,,,,,Yes,,,,,,,,,,,,,,,,,,,,,,,,,,,,France,,,,,,,,,,,,,,,,,,,,,,,,,,,,,,,,,,,,Available,,,,,,,,,,,2019,,Yes,,,,,,,,,,,,,N/A,,,,,,,"Not Available",,,,,,,,,,,,,,,,,,,,,,,,,,,,,,,,,,,,,,,,,,,,,,,"March 2023",,,,,,,,,,,,,,,,,,,,,,,,,,"Emails|Live Chat","Browser|Web Based",,,,,,,,,,,,,,,,,,,,,,,,,,,,,,,,
27346,"Linguix: Improve Your Writing With the AI Writing Assistant",,product,external,0,30,,"SaaS>Content creation",Textly,,https://wpappsfomo.test/reviews/linguix/,"2023-03-25 13:59:41",https://appsumo.com/products/linguix-annual/?clickId=SWOwdyQIyxyNRm33adwLtwB0UkAWgzSpq0YOWQ0&irgwc=1&utm_medium=2335111&utm_campaign=Online%20Tracking%20Link&utm_source=IR,"Sign Up",,,,,,,Yes,,,,,,,,,,,,,,,,,,,,,,,,,,,,USA,,,,,,,,,,,,,,,,,,,,,,,,,,,,,,,,,,,,Available,,,,,,,,,,,2018,,Yes,,,,,,,,,,,,,N/A,,,,,,,Available,,,,,,,,,,,,,,,,,,,,,,,,,,,,,,,,,,,,,,,,,,,,,,,"March 2023",,,,,,,,,,,,,,,,,,,,,,,,,,"Emails|Help center","Browser|Web Based",,,,,,,,,,,,,,,,,,,,,,,,,,,,,,,,
27544,"SaaSmantra: Best Facebook community for SaaS Entrepreneurs",,product,external,0,,,"FB Groups",,,https://wpappsfomo.test/reviews/saasmantra/,"2023-04-05 11:31:30",https://www.facebook.com/groups/saasmantra,"View Group",,,,,,,,,,,,,,,,,,,,,,,,,,,,,,,,,,,,,,,,,,,,,,,,,,,,,,,,,,,,,,,,,,,,,,,,,,,,,,,,,,,,,,,,,,,,,,,,,,,,,,,,,,,,,,,,"Software Deals",,,,,,,,,,,,,,,,,,,,,,,,,,,,,,,,,,,,,,,"April 2023",,,,,,,,,,,,,,,,,,,,,,,,,,,,,,,,,,,,,,,,,,,,,,,,,,,,,,,,,,,
27660,"PDF24: Simplify your PDF Editing with the Best Free PDF Editor",,product,external,0,0,,"Software Tools","Geek Software",,https://wpappsfomo.test/reviews/pdf24/,"2023-04-05 11:10:50",https://tools.pdf24.org/,"⬇ Download",,,,,,,,,,,,,,,,,,,,,,,,,,,,,,,,,,,,,,,,,,,,,,,,,,,,,,,,,,,,,,,,,,,,,,,,,,,,,,,,,,2006,,,,,,,,,"Proprietary Freeware",,,,,,,,,,,,,,,,,,,,,,,,,,,,,,,,,,,,,,,,,,,,,,,,,,,,,,,,,,,,"March 2023",,,,,,,,,,,,,,,,,,,,,,,,,,,,,,,,,,,,,,,,,,,,,,,,,,,,,,,,,,,
27987,"Frase: The Best AI Writer for Content Research Tool",,product,external,0,14.99,,"SaaS>Content creation",Frase,,https://wpappsfomo.test/reviews/frase/,"2023-04-15 05:33:15",https://www.frase.io/?via=appsfomo,"Sign Up",,,,,,,Yes,,,,,,,,,,,,,,,,,,,,,,,,,,,,USA,,,,,,,,,,,,,,,,,,,,,,,,,,,,,,,,,,,,"Not Available",,,,,,,,,,,2016,,Yes,,,,,,,,,,,,,N/A,,,,,,,"Not Available",,,,,,,,,,,,,,,,,,,,,,,,,,,,,,,,,,,,,,,,,,,,,,,"April 2023",,,,,,,,,,,,,,,,,,,,,,,,,,"Email|Facebook Group","Browser|Web Based",,,,,,,,,,,,,,,,,,,,,,,,,,,,,,,,
28128,"Reliable Site: Instant Activation Dedicated and Bare Metal Servers in USA",,product,external,0,29,,"SaaS>Hosting &amp; Cloud Services","Reliablesite.net LLC",,https://wpappsfomo.test/reviews/reliable-site/,"2023-04-19 06:06:09",https://payments.reliablesite.net/aff.php?aff=1007,"Sign Up",,,,,,,Yes,,,,,,,,,,,,,,,,,,,,,,,,,,,,USA,,,,,,,,,,,,,,,,,,,,,,,,,,,,,,,,,,,,"Not Available",,,,,,,,,,,2006,,Yes,,,,,,,,,,,,,N/A,,,,,,,"Not Available",,,,,,,,,,,,,,,,,,,,,,,,,,,,,,,,,,,,,,,,,,,,,,,"April 2023",,,,,,,,,,,,,,,,,,,,,,,,,,"Emails|Live Chat","Browser|Web Based",,,,,,,,,,,,,,,,,,,,,,,,,,,,,,,,
28181,"SEOPress: Boost Your Search Engine Visibility in Wordpress",,product,external,0,49,,"Wordpress Plugins>SEO Plugin","SEO Press",,https://wpappsfomo.test/reviews/seopress/,"2023-04-20 05:40:01",https://www.seopress.org/pricing/ref/452/,"Buy Now",,,,,,,,,,,,,,,,,,,,,,,,,,,,,,,,,,,,,,,,,,,,,,,,,,,,,,,,,,,,,,,,,,,,,,,,,,,,,,,,,,,,,,,,,,,,,,,,,,,,,,,,,,,,,,,,,,,,,,,,,,,,,,,,,,,,,,,,,,,,,,,,,,,,,,,,,,,,,,,,,,,,,,,,,,,,,,,,,,,,,,,,,,,,,,,,,,,,,,,,,,,,,,,,,,
28191,"Simplified: Free Content Creation and Marketing Tool",,product,external,0,24,,"SaaS>Content creation|Marketing",Simplified,,https://wpappsfomo.test/reviews/simplified/,"2023-04-21 07:27:50",https://simplified.com/?fpr=rohit40,"Sign Up",,,,,,,Yes,,,,,,,,,,,,,,,,,,,,,,,,,,,,USA,,,,,,,,,,,,,,,,,,,,,,,,,,,,,,,,,,,,Available,,,,,,,,,,,2012,,"Facebook|Google Docs|Linkedin|shopify|Zapier",,,,,,,,,,,,,N/A,,,,,,,Available,,,,,,,,,,,,,,,,,,,,,,,,,,,,,,,,,,,,,,,,,,,,,,,"April 2023",,,,,,,,,,,,,,,,,,,,,,,,,,"Email|Live Chat",Android|Browser|IOS,,,,,,,,,,,,,,,,,,,,,,,,,,,,,,,,
28217,"Pabbly Plus: All in One Marketing, Sales &amp; Automation Tools - Lifetime Deal",,product,external,0,25,,"SaaS>Automation and Data|SaaS>Marketing and Sales",Pabbly,,https://wpappsfomo.test/reviews/pabbly-plus/,"2023-04-20 14:54:52",https://www.pabbly.com/plus/?_pac=13a7db2e43a5aa82978810f13eb31df6%3Aa4f557c28685177f9342a955caef1d0a2dba88c8c1b3ce2f2780f54bba0f70da7abbbbf91c593c6ad0d01d7634abe6fec4b15ac611f978b1c46d3b256bc1bd58412200a663434af28fd3edcf852071040e2af2ae3cb18a3fa1142d05eac9b375a7b3b7cac7c0f4d5f2be8c5364921b2cf4a3fa4c4fbddd86278cec6db25f8ec7&_paclt=31536000,"Sign Up",,,,,,,Yes,,,,,,,,,,,,,,,,,,,,,,,,,,,,India,,,,,,,,,,,,,,,,,,,,,,,,,,,,,,,,,,,,Available,,,,,,,,,,,2018,,Yes,,,,,,,,,,,,,N/A,,,,,,,"Not Available",,,,,,,,,,,,,,,,,,,,,,,,,,,,,,,,,,,,,,,,,,,,,,,"April 2023",,,,,,,,,,,,,,,,,,,,,,,,,,"Email|Facebook Group|Live Chat|Ticketing","Browser|Web Based",,,,,,,,,,,,,,,,,,,,,,,,,,,,,,,,
28232,"Mangools: Simple SEO Tool for Keyword Research and Tracking",,product,external,0,29.90,,"SaaS|SEO Tool",Mangools,,https://wpappsfomo.test/reviews/mangools/,"2023-04-21 10:32:50",https://mangools.com/users/63ae85cefeebf81cb22f8a25/confirm_email,"Sign Up",,,,,,,Yes,,,,,,,,,,,,,,,,,,,,,,,,,,,,Europe,,,,,,,,,,,,,,,,,,,,,,,,,,,,,,,,,,,,Available,,,,,,,,,,,2014,,N/A,,,,,,,,,,,,,,,,,,,,"Not Available",,,,,,,,,,,,,,,,,,,,,,,,,,,,,,,,,,,,,,,,,,,,,,,"April 2023",,,,,,,,,,,,,,,,,,,,,,,,,,"Blogs|Email|Live Chat|Ticketing",Browser,,,,,,,,,,,,,,,,,,,,,,,,,,,,,,,,
28274,"Switchy: Retargeting Links on Facebook, LinkedIn and Social Media",,product,external,0,39,,"SaaS>Business Tools","Switchy solution",,https://wpappsfomo.test/reviews/switchy/,"2023-04-22 07:48:14",https://appsumo.com/products/switchy/?clickId=XmR0XwXzSxyNRfOxIyXeM31EUkAQvnx9q0YOWk0&irgwc=1&utm_medium=2335111&utm_campaign=Online%20Tracking%20Link&utm_source=IR,"Sign Up",,,,,,,Yes,,,,,,,,,,,,,,,,,,,,,,,,,,,,Europe,,,,,,,,,,,,,,,,,,,,,,,,,,,,,,,,,,,,Available,,,,,,,,,,,2018,,Yes,,,,,,,,,,,,,Appsumo,,,,,,,"Not Available",,,,,,,,,,,,,,,,,,,,,,,,,,,,,,,,,,,,,,,,,,,,,,,"April 2023",,,,,,,,,,,,,,,,,,,,,,,,,,"Email|Live Chat|Ticketing","Browser|Web Based",,,,,,,,,,,,,,,,,,,,,,,,,,,,,,,,
28310,"Namecheap: Cheap Domain Registration Service | 2023 Review",,product,external,0,5.98,,"Domain Registration|SaaS",NameCheap,,https://wpappsfomo.test/reviews/namecheap/,"2023-04-22 11:37:43",https://shareasale.com/r.cfm?b=1470528&u=3493383&m=46483&urllink=&afftrack=,"Sign Up",,,,,,,Yes,,,,,,,,,,,,,,,,,,,,,,,,,,,,USA,,,,,,,,,,,,,,,,,,,,,,,,,,,,,,,,,,,,Available,,,,,,,,,,,2000,,Yes,,,,,,,,,,,,,,,,,,,,Yes,,,,,,,,,,,,,,,,,,,,,,,,,,,,,,,,,,,,,,,,,,,,,,,"April 2023",,,,,,,,,,,,,,,,,,,,,,,,,,"Email|Live Chat|Ticketing",Android|Browser|IOS,,,,,,,,,,,,,,,,,,,,,,,,,,,,,,,,
28354,"SE Ranking: Content Marketing Platform with Competitive Pricing",,product,external,0,31.20,,"SEO Tool","SE Ranking",,https://wpappsfomo.test/reviews/se-ranking/,"2023-04-26 09:34:10",https://seranking.com/?ga=2216642&source=link,"Sign Up",,,,,,,Yes,,,,,,,,,,,,,,,,,,,,,,,,,,,,Britain,,,,,,,,,,,,,,,,,,,,,,,,,,,,,,,,,,,,Available,,,,,,,,,,,2013,,Yes,,,,,,,,,,,,,,,,,,,,"Not Available",,,,,,,,,,,,,,,,,,,,,,,,,,,,,,,,,,,,,,,,,,,,,,,04-2023,,,,,,,,,,,,,,,,,,,,,,,,,,"Email|Live Chat|Ticketing",Browser,,,,,,,,,,,,,,,,,,,,,,,,,,,,,,,,
28397,"Berrycast: Screen Recording and Sharing App for Business Communication",,product,external,0,4,,"SaaS|Screen recording and sharing",Berrycast,,https://wpappsfomo.test/reviews/berrycast/,"2023-04-25 15:35:10",https://www.berrycast.com?via=APPSFOMO,"Sign Up",,,,,,,Yes,,,,,,,,,,,,,,,,,,,,,,,,,,,,Canada,,,,,,,,,,,,,,,,,,,,,,,,,,,,,,,,,,,,Available,,,,,,,,,,,2018,,"Gmail|Microsoft Azure|Microsoft Outlook",,,,,,,,,,,,,,,,,,,,"Not Available",,,,,,,,,,,,,,,,,,,,,,,,,,,,,,,,,,,,,,,,,,,,,,,"April 2023",,,,,,,,,,,,,,,,,,,,,,,,,,"Email|Live Chat",Mac|Windows,,,,,,,,,,,,,,,,,,,,,,,,,,,,,,,,
28434,"Triplo.ai: AI Assistant for Windows, Mac, Linux, Android and Chromebooks",,product,external,0,59,,"Software Tools","Elbruz Technologies",,https://wpappsfomo.test/reviews/triplo-ai/,"2023-04-26 13:12:17",https://www.triplo.ai/?ref=appsfomo,"Sign Up",,,,,,,Yes,,,,,,,,,,,,,,,,,,,,,,,,,,,,Turkey,,,,,,,,,,,,,,,,,,,,,,,,,,,,,,,,,,,,Available,,,,,,,,,,,2015,,No,,,,,,,,,,,,,,,,,,,,Available,,,,,,,,,,,,,,,,,,,,,,,,,,,,,,,,,,,,,,,,,,,,,,,"April 2023",,,,,,,,,,,,,,,,,,,,,,,,,,"Email|Live Chat",Android|Linux|Mac|Windows,,,,,,,,,,,,,,,,,,,,,,,,,,,,,,,,
28507,"AppSumo: The #1 Lifetime Deal Community for Entrepreneurs",,product,external,0,,,"FB Groups",Appsumo,,https://wpappsfomo.test/reviews/appsumo/,"2023-05-01 09:53:35",https://www.facebook.com/groups/473528896364182/,"View Group",,,,,,,,,,,,,,,,,,,,,,,,,,,,,,,,,,,,,,,,,,,,,,,,,,,,,,,,,,,,,,,,,,,,,,,,,,,,,,,,,,,,,,,,,,,,,,,,,,,,,,,,,,,,,,,,"Software Deals",,,,,,,,,,,,,,,,,,,,,,,,,,,,,,,,,,,,,,,"April 2023",,,,,,,,,,,,,,,,,,,,,,,,,,,,,,,,,,,,,,,,,,,,,,,,,,,,,,,,,,,
28585,"Martechwise: SaaS & Marketing Tool Reviews To Platform",,product,external,0,,,"FB Groups","MarTech Wise",,https://wpappsfomo.test/reviews/martechwise/,"2023-05-01 10:32:25",https://www.facebook.com/groups/martechwise/,"View Group",,,,,,,,,,,,,,,,,,,,,,,,,,,,,,,,,,,,,,,,,,,,,,,,,,,,,,,,,,,,,,,,,,,,,,,,,,,,,,,,,,,,,,,,,,,,,,,,,,,,,,,,,,,,,,,,"Software Deals",,,,,,,,,,,,,,,,,,,,,,,,,,,,,,,,,,,,,,,"April 2023",,,,,,,,,,,,,,,,,,,,,,,,,,,,,,,,,,,,,,,,,,,,,,,,,,,,,,,,,,,
28756,"Microsoft OneDrive: The Top Online File Storage and Sharing for Teams",,product,external,0,5,,"Cloud Storage|SaaS",Microsoft,,https://wpappsfomo.test/reviews/microsoft-onedrive/,"2023-05-05 08:12:28",https://shop.appsfomo.com/p/NxJJ/r,"Sign Up",,,,,,,Yes,,,,,,,,,,,,,,,,,,,,,,,,,,,,USA,,,,,,,,,,,,,,,,,,,,,,,,,,,,,,,,,,,,Available,,,,,,,,,,,2007,,"Adobe XD|Microsoft Office 365|Zapier",,,,,,,,,,,,,,,,,,,,Available,,,,,,,,,,,,,,,,,,,,,,,,,,,,,,,,,,,,,,,,,,,,,,,"May 2023",,,,,,,,,,,,,,,,,,,,,,,,,,"Emails|Phone call",,,,,,,,,,,,,,,,,,,,,,,,,,,,,,,,,
28771,"Linksy: WordPress Plugin for Internal Linking | Better Wordpress SEO",,product,external,0,59,,"Internal Linking|Wordpress Plugins",Plugli,,https://wpappsfomo.test/reviews/linksy/,"2023-05-08 10:34:49",https://plugli.com/linksy/,"Buy Now",,,,,,,,,,,,,,,,,,,,,,,,,,,,,,,,,,,,,,,,,,,,,,,,,,,,,,,,,,,,,,,,,,,,,,,,,,,,,,,,,,,,Wordpress,,,,,,,,,,,,,"Appsumo|own website",,,,,,,"Not Available",,,,,,,,,,,,,,,,,,,,,Stripe,,,,,,,,,,,,,,,,,,,,,,,,,,,,,,,,,,,,,,,,,,,,,,,,,,,,,,,,,,,,,,,,,,,,,,,,,,,,,,,,,,,,,
28773,"Magic Bookifier: Turn any video or audio into a stunning ebook.",,product,external,0,32,,"SaaS>Audio, Video &amp; Media|SaaS>Content creation","Supreme Robot Pictures, LLC",,https://wpappsfomo.test/reviews/magic-bookifier/,"2023-05-16 05:34:59",https://magicbookifier.ai/,"Sign Up",,,,,,,No,,,,,,,,,,,,,,,,,,,,,,,,,,,,USA,,,,,,,,,,,,,,,,,,,,,,,,,,,,,,,,,,,,Available,,,,,,,,,,,2023,,N/A,,,,,,,,,,,,,,,,,,,,"Not Available",,,,,,,,,,,,,,,,,,,,,,,,,,,,,,,,,,,,,,,,,,,,,,,"May 2023",,,,,,,,,,,,,,,,,,,,,,,,,,Emails,,,,,,,,,,,,,,,,,,,,,,,,,,,,,,,,,
28811,"Kwikcart: Take Your E-Commerce Business to New Heights",,product,external,0,149,,"SaaS>Business Tools",Kwikcart,,https://wpappsfomo.test/reviews/kwikcart/,"2023-05-08 18:01:21",https://www.kwikcart.io/amember/signup/lifetime,"Sign Up",,,,,,,Yes,,,,,,,,,,,,,,,,,,,,,,,,,,,,India,,,,,,,,,,,,,,,,,,,,,,,,,,,,,,,,,,,,Available,,,,,,,,,,,2022,,"Facebook pixel|Mailchimp",,,,,,,,,,,,,,,,,,,,Available,,,,,,,,,,,,,,,,,,,,,,,,,,,,,,,,,,,,,,,,,,,,,,,"May 2023",,,,,,,,,,,,,,,,,,,,,,,,,,Emails,,,,,,,,,,,,,,,,,,,,,,,,,,,,,,,,,
28911,"Microsoft Office 365: The Best Online Collaboration Tool for Remote Teams",,product,external,0,6,,"SaaS>Business Tools",Microsoft,,https://wpappsfomo.test/reviews/microsoft-office-365/,"2023-05-10 11:21:21",https://shop.appsfomo.com/p/0gqa/r,"Sign Up",,,,,,,Yes,,,,,,,,,,,,,,,,,,,,,,,,,,,,USA,,,,,,,,,,,,,,,,,,,,,,,,,,,,,,,,,,,,Available,,,,,,,,,,,2011,,Yes,,,,,,,,,,,,,,,,,,,,Available,,,,,,,,,,,,,,,,,,,,,,,,,,,,,,,,,,,,,,,,,,,,,,,"May 2023",,,,,,,,,,,,,,,,,,,,,,,,,,"Emails|Help center|Live Chat",,,,,,,,,,,,,,,,,,,,,,,,,,,,,,,,,
28929,"Wondershare Filmora: The Go-To Video Editing Software for Creators",,product,external,0,49.99,,"Video Editing Software",Wondershare,,https://wpappsfomo.test/reviews/wondershare-filmora/,"2023-05-16 09:24:38",https://shop.appsfomo.com/p/3tHM/r,"Sign Up",,,,,,,Yes,,,,,,,,,,,,,,,,,,,,,,,,,,,,China,,,,,,,,,,,,,,,,,,,,,,,,,,,,,,,,,,,,Available,,,,,,,,,,,2015,,ChatGPT,,,,,,,,,,,,,,,,,,,,Yes,,,,,,,,,,,,,,,,,,,,,,,,,,,,,,,,,,,,,,,,,,,,,,,"May 2023",,,,,,,,,,,,,,,,,,,,,,,,,,"Email|Live Chat|Phone call",Android|IOS|Windows,,,,,,,,,,,,,,,,,,,,,,,,,,,,,,,,
28936,"HostGator web hosting: The Reliable Web Hosting Solution with Flexible Plans",,product,external,0,2.75,,Hosting,Hostgator,,https://wpappsfomo.test/reviews/hostgator-web-hosting/,"2023-05-16 11:59:48",https://shop.appsfomo.com/p/z0Ne/r,"Sign Up",,,,,,,Yes,,,,,,,,,,,,,,,,,,,,,,,,,,,,USA,,,,,,,,,,,,,,,,,,,,,,,,,,,,,,,,,,,,"Not Available",,,,,,,,,,,2002,,Yes,,,,,,,,,,,,,,,,,,,,"Not Available",,,,,,,,,,,,,,,,,,,,,,,,,,,,,,,,,,,,,,,,,,,,,,,"May 2023",,,,,,,,,,,,,,,,,,,,,,,,,,"Emails|Live Chat|Phone call",,,,,,,,,,,,,,,,,,,,,,,,,,,,,,,,,
28948,"GetScreen.me: The Simple and Affordable Remote Desktop Solution",,product,external,0,6,,"SaaS>Business Tools|SaaS>Project Management","Point B Ltd",,https://wpappsfomo.test/reviews/getscreen-me/,"2023-05-17 05:01:44",https://getscreen.me/,"Sign Up",,,,,,,No,,,,,,,,,,,,,,,,,,,,,,,,,,,,Europe,,,,,,,,,,,,,,,,,,,,,,,,,,,,,,,,,,,,Available,,,,,,,,,,,2018,,"Chrome|Jira Service Desk|LiveChat|Telegram",,,,,,,,,,,,,,,,,,,,Available,,,,,,,,,,,,,,,,,,,,,,,,,,,,,,,,,,,,,,,,,,,,,,,"May 2023",,,,,,,,,,,,,,,,,,,,,,,,,,Emails,,,,,,,,,,,,,,,,,,,,,,,,,,,,,,,,,
28991,"HostGator WordPress Hosting: Easy and Reliable Solution for Wordpress",,product,external,0,3,,"SaaS>Hosting &amp; Cloud Services",HostGator.in,,https://wpappsfomo.test/reviews/hostgator/,"2023-05-19 11:57:41",https://shop.appsfomo.com/p/7xLi/r,"Sign Up",,,,,,,Yes,,,,,,,,,,,,,,,,,,,,,,,,,,,,USA,,,,,,,,,,,,,,,,,,,,,,,,,,,,,,,,,,,,"Not Available",,,,,,,,,,,2002,,N/A,,,,,,,,,,,,,,,,,,,,"Not Available",,,,,,,,,,,,,,,,,,,,,,,,,,,,,,,,,,,,,,,,,,,,,,,"May 2023",,,,,,,,,,,,,,,,,,,,,,,,,,"Email|Live Chat|Phone call","Web Based|Windows",,,,,,,,,,,,,,,,,,,,,,,,,,,,,,,,
28993,"GameStop: Your One-Stop Shop for PlayStation Games and More",,product,external,0,14.99,,Gaming,GameStop,,https://wpappsfomo.test/reviews/gamestop/,"2023-05-19 09:12:03",https://shop.appsfomo.com/p/cvzb/r,"Sign Up",,,,,,,Yes,,,,,,,,,,,,,,,,,,,,,,,,,,,,America,,,,,,,,,,,,,,,,,,,,,,,,,,,,,"Daniel DeMatteo|Leonard Riggio|Richard Fontaine",,,,,,,Available,,,,,,,,,,,1984,,,,,,,,,,,,,,,,,,,,"Own Site",,Yes,,,,,,,,,,,,,,,,,,,,,,,,,,,,,,,,,,,,,,,,,,,,,,,"May 2023",,,,,,,,,,,,,,,,,,,,,,,,,,"Emails|Phone call|Ticketing",Android|Browser|IOS,,,,,,,,,,,,,,,,,,,,,,,,,,,,,,,,
29005,"Intuit: Suite of Small Business Software and Finance Management",,product,external,0,0,,"SaaS>Business Tools",Intuit,,https://wpappsfomo.test/reviews/intuit-suite-of-small-business-software-and-finance-management/,"2023-05-18 06:25:14",https://shop.appsfomo.com/p/bpPc/r,"Sign Up",,,,,,,Yes,,,,,,,,,,,,,,,,,,,,,,,,,,,,USA,,,,,,,,,,,,,,,,,,,,,,,,,,,,,,,,,,,,"Not Available",,,,,,,,,,,1983,,No,,,,,,,,,,,,,,,,,,,,Yes,,,,,,,,,,,,,,,,,,,,,,,,,,,,,,,,,,,,,,,,,,,,,,,"May 2023",,,,,,,,,,,,,,,,,,,,,,,,,,"Emails|Phone call",,,,,,,,,,,,,,,,,,,,,,,,,,,,,,,,,
29041,"Flip Booklets: Create Engaging Flipbooklets with Free Flip Book Maker",,product,external,0,12,,"Flip Book Maker|SaaS",FlipBooklets,,https://wpappsfomo.test/reviews/flipbooklets/,"2023-05-22 09:30:29",https://flipbooklets.com/,"Sign Up",,,,,,,Yes,,,,,,,,,,,,,,,,,,,,,,,,,,,,UK,,,,,,,,,,,,,,,,,,,,,,,,,,,,,Beesum,,,,,,,Available,,,,,,,,,,,2020,,N/A,,,,,,,,,,,,,Appsumo,,,,,,,"Not Available",,,,,,,,,,,,,,,,,,,,,,,,,,,,,,,,,,,,,,,,,,,,,,,"May 2023",,,,,,,,,,,,,,,,,,,,,,,,,,"Email|Phone call",Browser,,,,,,,,,,,,,,,,,,,,,,,,,,,,,,,,
29056,"MySignature: Create Professional Email Signatures for Free",,product,external,0,4,,"SaaS|Signature Generator",MySignature,,https://wpappsfomo.test/reviews/mysignature/,"2023-05-22 09:34:27",https://mysignature.io/,"Sign Up",,,,,,,Yes,,,,,,,,,,,,,,,,,,,,,,,,,,,,Ukraine,,,,,,,,,,,,,,,,,,,,,,,,,,,,,"Kostiantyn Khozhay",,,,,,,Available,,,,,,,,,,,2017,,"Canva|Gmail|iOS Mail|Microsoft Outlook",,,,,,,,,,,,,,,,,,"Own Site",,"Not Available",,,,,,,,,,,,,,,,,,,,,"Credit Card|Paypal",,,,,,,,,,,,,,,,,,,,,,,,,,"May 2023",,,,,,,,,,,,,,,,,,,,,,,,,,"Emails|Live Chat|Online Form",,,,,,,,,,,,,,,,,,,,,,,,,,,,,,,,,
29073,"Notice: Engage Your Audience with Seamless Content Publishing",,product,external,0,9,,"Content Management Systems",Notice,,https://wpappsfomo.test/reviews/notice/,"2023-05-23 07:22:31",https://www.notice.studio/,"Sign Up",,,,,,,No,,,,,,,,,,,,,,,,,,,,,,,,,,,,France,,,,,,,,,,,,,,,,,,,,,,,,,,,,,,,,,,,,Available,,,,,,,,,,,2021,,Yes,,,,,,,,,,,,,,,,,,,,"Not Available",,,,,,,,,,,,,,,,,,,,,,,,,,,,,,,,,,,,,,,,,,,,,,,"May 2023",,,,,,,,,,,,,,,,,,,,,,,,,,"Emails|Live Chat",,,,,,,,,,,,,,,,,,,,,,,,,,,,,,,,,
29076,"ChatPDF: Simplify Your PDF Conversion and Editing",,product,external,0,5,,"SaaS>Automation and Data",ChatPDF,,https://wpappsfomo.test/reviews/chatpdf/,"2023-05-23 11:26:43",https://www.chatpdf.com/?via=appsfomo,"Sign Up",,,,,,,Yes,,,,,,,,,,,,,,,,,,,,,,,,,,,,Germany,,,,,,,,,,,,,,,,,,,,,,,,,,,,,"Mathis Lichtenberger",,,,,,,Available,,,,,,,,,,,2020,,"API integration to multiple applications.",,,,,,,,,,,,,,,,,,"Own Site",,"Not Available",,,,,,,,,,,,,,,,,,,,,"American Express|Master Card|Visa Card",,,,,,,,,,,,,,,,,,,,,,,,,,"May 2023",,,,,,,,,,,,,,,,,,,,,,,,,,Emails,,,,,,,,,,,,,,,,,,,,,,,,,,,,,,,,,
29109,"Ultimate Social: Boost Your Social Engagement Social Sharing Plugin",,product,external,0,29.98,,"Social Media|Wordpress Plugins",UltimatelySocial,,https://wpappsfomo.test/reviews/ultimate-social/,"2023-05-24 12:59:23",https://sellcodes.com/XdHlrQnc,"Buy Now",,,,,,,,,,,,,,,,,,,,,,,,,,,,,,,,,,,,,,,,,,,,,,,,,,,,,,,,,,,,,,,,,,,,,,,,,,,,,,,,,,,,"Facebook|Google Analytics|Instagram|Twitter|Wordpress",,,,,,,,,,,,,,,,,,,,"Not Available",,,,,,,,,,,,,,,,,,,,,"Credit Card|Paypal",,,,,,,,,,,,,,,,,,,,,,,,,,,,,,,,,,,,,,,,,,,,,,,,,"Live Chat|Support Ticket",,,,,,,,,,,,,,,,,,,,,,,,,,,,,,,,,,,,
29110,"MyPopups: Create Engaging Popups &amp; Boost Your Conversion Rate",,product,external,0,2,,"Wordpress Plugins>Forms &amp; Popups","Inisev Ltd",,https://wpappsfomo.test/reviews/mypopups/,"2023-05-26 10:51:54",https://sellcodes.com/CgVWHL0m,"Buy Now",,,,,,,,,,,,,,,,,,,,,,,,,,,,,,,,,,,,,,,,,,,,,,,,,,,,,,,,,,,,,,,,,,,,,,,,,,,,,,,,,,,,,,,,,,,,,,,,,,,,,,,,,,,,,,,,,,,,,,,,,,,,,,,,,,,,,,,,,,,,,,,,,,,,,,,,,,,,,,,,,,,,,,,,,,,,,,,,,,,,,,,,,,,,,,,,,,,,,,,,,,,,,,,,,,
29130,"BackupBliss: Best WordPress Backup and Migration Plugin for Reliable Data Protection",,product,external,0,29.98,,"Wordpress Plugins>Backup",Inisev,,https://wpappsfomo.test/reviews/backupbliss/,"2023-05-25 06:34:30",https://sellcodes.com/oZxnXtc2,"Buy Now",,,,,,,,,,,,,,,,,,,,,,,,,,,,,,,,,,,,,,,,,,,,,,,,,,,,,,,,,,,,,,,,,,,,,,,,,,,,,,,,,,,,,,,,,,,,,,,,,,,,,,,,"Not Available",,,,,,,,,,,,,,,,,,,,,Paypal,,,,,,,,,,,,,,,,,,,,,,,,,,,,,,,,,,,,,,,,,,,,,,,,,"Live Chat|Support Ticket",,,,,,,,,,,,,,,,,,,,,,,,,,,,,,,,,,,,
29158,"Follow.it: Streamline Your Marketing with this Funnel Builder App",,product,external,0,1.50,,"Funnel builder|SaaS",Follow.it,,https://wpappsfomo.test/reviews/followit/,"2023-05-26 10:30:50",https://sellcodes.com/JVd4H6L1,"Sign Up",,,,,,,Yes,,,,,,,,,,,,,,,,,,,,,,,,,,,,USA,,,,,,,,,,,,,,,,,,,,,,,,,,,,,,,,,,,,Available,,,,,,,,,,,,,"Google Analytics|Mailchimp|Salesforce|Zapier",,,,,,,,,,,,,,,,,,"Own Site",,"Not Available",,,,,,,,,,,,,,,,,,,,,,,,,,,,,,,,,,,,,,,,,,,,,,,"May 2023",,,,,,,,,,,,,,,,,,,,,,,,,,"Live Chat|Online Form",,,,,,,,,,,,,,,,,,,,,,,,,,,,,,,,,
29189,"MainWP - The Ultimate WordPress Manager for streamlined site management",,product,external,0,499,,"Wordpress Plugins>Miscellaneous","Sick Marketing, LLC",,https://wpappsfomo.test/reviews/mainwp/,"2023-06-29 14:09:17",https://mainwp.com/,"Buy Now",,,,,,,,,,,,,,,,,,,,,,,,,,,,,,,,,,,,,,,,,,,,,,,,,,,,,,,,,,,,,,,,,,,,,,,,,,,,,,,,,,,,,,,,,,,,,,,,,,,,,,,,,,,,,,,,,,,,,,,,,,,,,,,,,,,,,,,,,,,,,,,,,,,,,,,,,,,,,,,,,,,,,,,,,,,,,,,,,,,,,,,,,,,,,,,,,,,,,,,,,,,,,,,,,,
29341,"Hostinger Web Hosting: Most Affordable Website Hosting",,product,external,0,1.99,,"SaaS>Hosting &amp; Cloud Services",Hostinger,,https://wpappsfomo.test/reviews/hostinger/,"2023-07-07 04:44:08",https://www.hostinger.com/,"Sign Up",,,,,,,Yes,,,,,,,,,,,,,,,,,,,,,,,,,,,,USA,,,,,,,,,,,,,,,,,,,,,,,,,,,,,,,,,,,,"Not Available",,,,,,,,,,,2004,,Yes,,,,,,,,,,,,,N/A,,,,,,,"Not Available",,,,,,,,,,,,,,,,,,,,,,,,,,,,,,,,,,,,,,,,,,,,,,,"July 2023",,,,,,,,,,,,,,,,,,,,,,,,,,"Live Chat","Browser|Web Based",,,,,,,,,,,,,,,,,,,,,,,,,,,,,,,,
29360,"WP Rocket: Boost Your WordPress Website Speed in Minutes",,product,external,0,59,,"Wordpress Plugins>Caching Plugin","WP Media",,https://wpappsfomo.test/reviews/wp-rocket/,"2023-07-10 07:20:13",https://shareasale.com/r.cfm?b=1075949&u=3493383&m=74778&urllink=&afftrack=,"Buy Now",,,,,,,,,,,,,,,,,,,,,,,,,,,,,,,,,,,,,,,,,,,,,,,,,,,,,,,,,,,,,,,,,,,,,,,,,,,,,,,,,,,,,,,,,,,,,,,,,,,,,,,,"Not Available",,,,,,,,,,,,,,,,,,,,,Paypal|Stripe,,,,,,,,,,,,,,,,,,,,,,,,,,,,,,,,,,,,,,,,,,,,,,,,,"Support Ticket",,,,,,,,,,,,,,,,,,,,,,,,,,,,,,,,,,,,
29731,"Wireflow: Enhance Your Design Workflow with  User Flow Tool",,product,external,0,0,,"SaaS>Design &amp; Collaboration",Vanila,,https://wpappsfomo.test/?post_type=product&p=29731,"2023-07-27 11:04:52",https://wireflow.co/,"Sign Up",,,,,,,No,,,,,,,,,,,,,,,,,,,,,,,,,,,,USA,,,,,,,,,,,,,,,,,,,,,,,,,,,,,"Stefan Smiljkovic",,,,,,,Available,,,,,,,,,,,2017,,No,,,,,,,,,,,,,,,,,,"Own Site",,"Not Available",,,,,,,,,,,,,,,,,,,,,,,,,,,,,,,,,,,,,,,,,,,,,,,"July 2023",,,,,,,,,,,,,,,,,,,,,,,,,,Emails,,,,,,,,,,,,,,,,,,,,,,,,,,,,,,,,,
29788,"Quick DBD: Quick and Easy Database Diagramming",,product,external,0,14,,"SaaS>Design &amp; Collaboration","Dovetail Technologies Ltd",,https://wpappsfomo.test/reviews/quick-dbd-quick-and-easy-database-diagramming/,"2023-08-02 07:00:44",https://www.quickdatabasediagrams.com/,"Sign Up",,,,,,,No,,,,,,,,,,,,,,,,,,,,,,,,,,,,"Dublin, Ireland",,,,,,,,,,,,,,,,,,,,,,,,,,,,,"Trevor Jobling",,,,,,,Available,,,,,,,,,,,2015,,No,,,,,,,,,,,,,,,,,,"Own Site",,"Not Available",,,,,,,,,,,,,,,,,,,,,,,,,,,,,,,,,,,,,,,,,,,,,,,"August 2023",,,,,,,,,,,,,,,,,,,,,,,,,,"Emails|Forums|Phone call",,,,,,,,,,,,,,,,,,,,,,,,,,,,,,,,,
