ID,Title,Sku,Parent Product ID,Product Type,_seopress_titles_title,_seopress_titles_desc,Image Featured,_seopress_social_fb_img,_seopress_social_fb_title,_seopress_social_fb_desc,_seopress_social_twitter_img,_seopress_social_twitter_title,_seopress_social_twitter_desc
710,Swift Performance ,710,0,external,"Swift Performance Plugin Features, reviews and Pricing | Appsfomo",Read the full review of Swift Performance. This is Section with Sidebar Product Layout which you can choose in Product Layout option.,https://appsfomo.com/wp-content/uploads/2018/01/Swift.jpg,https://appsfomo.com/wp-content/uploads/2018/01/Swift.jpg,"Swift Performance Plugin Features, reviews and Pricing | Appsfomo",Read the full review of Swift Performance. This is Section with Sidebar Product Layout which you can choose in Product Layout option.,https://appsfomo.com/wp-content/uploads/2018/01/Swift.jpg,"Swift Performance Plugin Features, reviews and Pricing | Appsfomo",Read the full review of Swift Performance. This is Section with Sidebar Product Layout which you can choose in Product Layout option.
716,Divi Theme,716,0,external,"Divi Theme Features, Reviews and Pricing | Appsfomo",Read the full review of Divi Theme. This is Full Width Photo Product Template. You can use it for Products where you have Big Contrast Image.,https://appsfomo.com/wp-content/uploads/2018/01/Divi.jpg,https://appsfomo.com/wp-content/uploads/2018/01/Divi.jpg,"Divi Theme Features, Reviews and Pricing | Appsfomo",Read the full review of Divi Theme. This is Full Width Photo Product Template. You can use it for Products where you have Big Contrast Image.,https://appsfomo.com/wp-content/uploads/2018/01/Divi.jpg,"Divi Theme Features, Reviews and Pricing | Appsfomo",Read the full review of Divi Theme. This is Full Width Photo Product Template. You can use it for Products where you have Big Contrast Image.
1522,WPastra Theme,1522,0,external,"WPastra Theme  Features, reviews and Pricing | Appsfomo",Read the full review of WPastra Theme. Astra is a totally free WordPress Theme developed by Brainstorm Force.m,https://appsfomo.com/wp-content/uploads/2019/12/Astra.png,https://appsfomo.com/wp-content/uploads/2019/12/Astra.png,"WPastra Theme  Features, reviews and Pricing | Appsfomo",Read the full review of WPastra Theme. Astra is a totally free WordPress Theme developed by Brainstorm Force.m,https://appsfomo.com/wp-content/uploads/2019/12/Astra.png,"WPastra Theme  Features, reviews and Pricing | Appsfomo",Read the full review of WPastra Theme. Astra is a totally free WordPress Theme developed by Brainstorm Force.m
2920,WPForms,2920,0,external,"WPForms Plugin Features, reviews and Pricing | Appsfomo",Read the full review of WPForms. WPForms is a popular and powerful plugin for custom forms for your WordPress website.,https://appsfomo.com/wp-content/uploads/2020/07/WpForms.jpg,https://appsfomo.com/wp-content/uploads/2020/07/WpForms.jpg,"WPForms Plugin Features, reviews and Pricing | Appsfomo",Read the full review of WPForms. WPForms is a popular and powerful plugin for custom forms for your WordPress website.,https://appsfomo.com/wp-content/uploads/2020/07/WpForms.jpg,"WPForms Plugin Features, reviews and Pricing | Appsfomo",Read the full review of WPForms. WPForms is a popular and powerful plugin for custom forms for your WordPress website.
2923,Ninja Forms,2923,0,external,"Ninja Forms Plugin Features, reviews and Pricing | Appsfomo","Ninja Forms is the form creation tool available at almost zero cost. It is simple, quick, and intuitive user interface and requires no coding skills.",https://appsfomo.com/wp-content/uploads/2020/07/Ninja-Forms.jpg,https://appsfomo.com/wp-content/uploads/2020/07/Ninja-Forms.jpg,"Ninja Forms Plugin Features, reviews and Pricing | Appsfomo","Ninja Forms is the form creation tool available at almost zero cost. It is simple, quick, and intuitive user interface and requires no coding skills.",https://appsfomo.com/wp-content/uploads/2020/07/Ninja-Forms.jpg,"Ninja Forms Plugin Features, reviews and Pricing | Appsfomo","Ninja Forms is the form creation tool available at almost zero cost. It is simple, quick, and intuitive user interface and requires no coding skills."
2924,Gravity forms,2924,0,external,"Gravity forms Plugin Features, reviews and Pricing | Appsfomo",Read the full review of Gravity forms Review. Gravity Forms is a contact form plugin for providing an intuitive UI for your WordPress website.,https://appsfomo.com/wp-content/uploads/2020/07/Gravity-Forms.jpg,https://appsfomo.com/wp-content/uploads/2020/07/Gravity-Forms.jpg,"Gravity forms Plugin Features, reviews and Pricing | Appsfomo",Read the full review of Gravity forms Review. Gravity Forms is a contact form plugin for providing an intuitive UI for your WordPress website.,https://appsfomo.com/wp-content/uploads/2020/07/Gravity-Forms.jpg,"Gravity forms Plugin Features, reviews and Pricing | Appsfomo",Read the full review of Gravity forms Review. Gravity Forms is a contact form plugin for providing an intuitive UI for your WordPress website.
2925,Formidable Forms,2925,0,external,"Formidable Forms Plugin Features, reviews and Pricing | Appsfomo",Read the full review of Formidable-Forms. It is a flexible form builder plugin for building complex forms for your WordPress website.,https://appsfomo.com/wp-content/uploads/2020/07/formidableforms-2.jpg,https://appsfomo.com/wp-content/uploads/2020/07/formidableforms-2.jpg,"Formidable Forms Plugin Features, reviews and Pricing | Appsfomo",Read the full review of Formidable-Forms. It is a flexible form builder plugin for building complex forms for your WordPress website.,https://appsfomo.com/wp-content/uploads/2020/07/formidableforms-2.jpg,"Formidable Forms Plugin Features, reviews and Pricing | Appsfomo",Read the full review of Formidable-Forms. It is a flexible form builder plugin for building complex forms for your WordPress website.
2926,Frontend Publishing Pro,2926,0,external,"Frontend Publishing Pro Plugin Features, reviews and Pricing | Appsfomo",Read the full review of Front-end-Publishing-Pro. It is a versatile and lightweight plugin for managing content of your WordPress website.,https://appsfomo.com/wp-content/uploads/2020/07/Frontend-Publishing-Pro.jpg,https://appsfomo.com/wp-content/uploads/2020/07/Frontend-Publishing-Pro.jpg,"Frontend Publishing Pro Plugin Features, reviews and Pricing | Appsfomo",Read the full review of Front-end-Publishing-Pro. It is a versatile and lightweight plugin for managing content of your WordPress website.,https://appsfomo.com/wp-content/uploads/2020/07/Frontend-Publishing-Pro.jpg,"Frontend Publishing Pro Plugin Features, reviews and Pricing | Appsfomo",Read the full review of Front-end-Publishing-Pro. It is a versatile and lightweight plugin for managing content of your WordPress website.
2930,Envira Gallery,2930,0,external,"Envira Gallery Plugin Features, reviews and Pricing | Appsfomo","Read the review of Envira Gallery. Through Envira Gallery, one can craft the gallery carefully which works on the mobile as well.",https://appsfomo.com/wp-content/uploads/2020/07/Envira-gallery.jpg,https://appsfomo.com/wp-content/uploads/2020/07/Envira-gallery.jpg,"Envira Gallery Plugin Features, reviews and Pricing | Appsfomo","Read the review of Envira Gallery. Through Envira Gallery, one can craft the gallery carefully which works on the mobile as well.",https://appsfomo.com/wp-content/uploads/2020/07/Envira-gallery.jpg,"Envira Gallery Plugin Features, reviews and Pricing | Appsfomo","Read the review of Envira Gallery. Through Envira Gallery, one can craft the gallery carefully which works on the mobile as well."
2934,Super Forms,2934,0,external,"Super Forms Plugin Features, reviews and Pricing | Appsfomo",Read the full review of Super-Forms. Super Forms is a form builder plugin with column/grid system and organization for your WordPress website.,https://appsfomo.com/wp-content/uploads/2020/08/Auper-Forms.jpg,https://appsfomo.com/wp-content/uploads/2020/08/Auper-Forms.jpg,"Super Forms Plugin Features, reviews and Pricing | Appsfomo",Read the full review of Super-Forms. Super Forms is a form builder plugin with column/grid system and organization for your WordPress website.,https://appsfomo.com/wp-content/uploads/2020/08/Auper-Forms.jpg,"Super Forms Plugin Features, reviews and Pricing | Appsfomo",Read the full review of Super-Forms. Super Forms is a form builder plugin with column/grid system and organization for your WordPress website.
2936,ARForms,2936,0,external,"ARForms Plugin Features, reviews and Pricing | Appsfomo",Read the full review of ARforms. It is a form builder plugin for building efficient forms with organized features for your WordPress website.,https://appsfomo.com/wp-content/uploads/2020/08/AR-froms.jpg,https://appsfomo.com/wp-content/uploads/2020/08/AR-froms.jpg,"ARForms Plugin Features, reviews and Pricing | Appsfomo",Read the full review of ARforms. It is a form builder plugin for building efficient forms with organized features for your WordPress website.,https://appsfomo.com/wp-content/uploads/2020/08/AR-froms.jpg,"ARForms Plugin Features, reviews and Pricing | Appsfomo",Read the full review of ARforms. It is a form builder plugin for building efficient forms with organized features for your WordPress website.
2938,NEX forms,2938,0,external,"NEX forms Plugin Features, reviews and Pricing | Appsfomo",Read the full review of Nex-forms. It is a high-quality drag&amp;drop form-builder plugin for making convenient forms for your WordPress website.,https://appsfomo.com/wp-content/uploads/2020/07/Nex-Form.jpg,https://appsfomo.com/wp-content/uploads/2020/07/Nex-Form.jpg,"NEX forms Plugin Features, reviews and Pricing | Appsfomo",Read the full review of Nex-forms. It is a high-quality drag&amp;drop form-builder plugin for making convenient forms for your WordPress website.,https://appsfomo.com/wp-content/uploads/2020/07/Nex-Form.jpg,"NEX forms Plugin Features, reviews and Pricing | Appsfomo",Read the full review of Nex-forms. It is a high-quality drag&amp;drop form-builder plugin for making convenient forms for your WordPress website.
2940,Eform,2940,0,external,"Eform Plugin Features, reviews and Pricing | Appsfomo",Read the full review of Eform. Eform is a detailed form builder plugin for creative customization with flexibility for your WordPress website.,https://appsfomo.com/wp-content/uploads/2020/07/Eform.jpg,https://appsfomo.com/wp-content/uploads/2020/07/Eform.jpg,"Eform Plugin Features, reviews and Pricing | Appsfomo",Read the full review of Eform. Eform is a detailed form builder plugin for creative customization with flexibility for your WordPress website.,https://appsfomo.com/wp-content/uploads/2020/07/Eform.jpg,"Eform Plugin Features, reviews and Pricing | Appsfomo",Read the full review of Eform. Eform is a detailed form builder plugin for creative customization with flexibility for your WordPress website.
2944,WonderPlugin,2944,0,external,"WonderPlugin Plugin Features, reviews and Pricing | Appsfomo",Read the full review of WonderPlugin. WonderPlugin is a photo&amp;video gallery plugin for creating customized gallery for your WordPress website.,https://appsfomo.com/wp-content/uploads/2020/07/Wonder-Plugin.jpg,https://appsfomo.com/wp-content/uploads/2020/07/Wonder-Plugin.jpg,"WonderPlugin Plugin Features, reviews and Pricing | Appsfomo",Read the full review of WonderPlugin. WonderPlugin is a photo&amp;video gallery plugin for creating customized gallery for your WordPress website.,https://appsfomo.com/wp-content/uploads/2020/07/Wonder-Plugin.jpg,"WonderPlugin Plugin Features, reviews and Pricing | Appsfomo",Read the full review of WonderPlugin. WonderPlugin is a photo&amp;video gallery plugin for creating customized gallery for your WordPress website.
2946,Foo Gallery,2946,0,external,"Foo Gallery Plugin Features, reviews and Pricing | Appsfomo",Read the full review of Foo-Gallery. Foo-Gallery is a gallery plugin for intuitive and extensible gallery creation for your WordPress website.,https://appsfomo.com/wp-content/uploads/2020/07/foo-gallery.jpg,https://appsfomo.com/wp-content/uploads/2020/07/foo-gallery.jpg,"Foo Gallery Plugin Features, reviews and Pricing | Appsfomo",Read the full review of Foo-Gallery. Foo-Gallery is a gallery plugin for intuitive and extensible gallery creation for your WordPress website.,https://appsfomo.com/wp-content/uploads/2020/07/foo-gallery.jpg,"Foo Gallery Plugin Features, reviews and Pricing | Appsfomo",Read the full review of Foo-Gallery. Foo-Gallery is a gallery plugin for intuitive and extensible gallery creation for your WordPress website.
2948,NextGEN Gallery,2948,0,external,"NextGEN Gallery Plugin Features, reviews and Pricing | Appsfomo",Read the full review of NextGEN-Gallery. It is an exclusive and premium gallery plugin for managing the gallery for your WordPress website.,https://appsfomo.com/wp-content/uploads/2020/07/nextgen.jpg,https://appsfomo.com/wp-content/uploads/2020/07/nextgen.jpg,"NextGEN Gallery Plugin Features, reviews and Pricing | Appsfomo",Read the full review of NextGEN-Gallery. It is an exclusive and premium gallery plugin for managing the gallery for your WordPress website.,https://appsfomo.com/wp-content/uploads/2020/07/nextgen.jpg,"NextGEN Gallery Plugin Features, reviews and Pricing | Appsfomo",Read the full review of NextGEN-Gallery. It is an exclusive and premium gallery plugin for managing the gallery for your WordPress website.
2950,Justified Image Grid,2950,0,external,"Justified-Image-Grid Plugin Features, reviews and Pricing | Appsfomo""",Read the full review of Justified-Image-Grid. It is a powerful gallery plugin for organizing your images uniquely for your WordPress website.,https://appsfomo.com/wp-content/uploads/2020/07/justified-image-gallery.png,https://appsfomo.com/wp-content/uploads/2020/07/justified-image-gallery.png,"Justified-Image-Grid Plugin Features, reviews and Pricing | Appsfomo""",Read the full review of Justified-Image-Grid. It is a powerful gallery plugin for organizing your images uniquely for your WordPress website.,https://appsfomo.com/wp-content/uploads/2020/07/justified-image-gallery.png,"Justified-Image-Grid Plugin Features, reviews and Pricing | Appsfomo""",Read the full review of Justified-Image-Grid. It is a powerful gallery plugin for organizing your images uniquely for your WordPress website.
2952,Awesome Gallery,2952,0,external,"Awesome Gallery Plugin Features, reviews and Pricing | Appsfomo",Read the full review of Awesome-Gallery. It is an exclusive gallery plugin for displaying your images creatively for your WordPress website.,https://appsfomo.com/wp-content/uploads/2020/07/awesome-gallery.jpg,https://appsfomo.com/wp-content/uploads/2020/07/awesome-gallery.jpg,"Awesome Gallery Plugin Features, reviews and Pricing | Appsfomo",Read the full review of Awesome-Gallery. It is an exclusive gallery plugin for displaying your images creatively for your WordPress website.,https://appsfomo.com/wp-content/uploads/2020/07/awesome-gallery.jpg,"Awesome Gallery Plugin Features, reviews and Pricing | Appsfomo",Read the full review of Awesome-Gallery. It is an exclusive gallery plugin for displaying your images creatively for your WordPress website.
2954,Ultimate Membership Pro,2954,0,external,"Ultimate Membership Pro Plugin Features, reviews and Pricing | Appsfomo",Read the full review of Ultimate-Membership-Pro. It is a popular membership plugin for multilevel exclusive access for your WordPress website.,https://appsfomo.com/wp-content/uploads/2020/07/Ultimate-memberships-pro.jpg,https://appsfomo.com/wp-content/uploads/2020/07/Ultimate-memberships-pro.jpg,"Ultimate Membership Pro Plugin Features, reviews and Pricing | Appsfomo",Read the full review of Ultimate-Membership-Pro. It is a popular membership plugin for multilevel exclusive access for your WordPress website.,https://appsfomo.com/wp-content/uploads/2020/07/Ultimate-memberships-pro.jpg,"Ultimate Membership Pro Plugin Features, reviews and Pricing | Appsfomo",Read the full review of Ultimate-Membership-Pro. It is a popular membership plugin for multilevel exclusive access for your WordPress website.
2956,All In One SEO,2956,0,external,"All In One SEO Plugin Features, reviews and Pricing | Appsfomo",Read the full review of . &quot;plugin name&quot; is a &quot;attributes of plugin&quot; plugin for &quot;what the plugin does&quot; for your WordPress website.,https://appsfomo.com/wp-content/uploads/2020/07/Healthcare-2-1280x720-layout1917-1fqcgfd.jpg,https://appsfomo.com/wp-content/uploads/2020/07/Healthcare-2-1280x720-layout1917-1fqcgfd.jpg,"All In One SEO Plugin Features, reviews and Pricing | Appsfomo",Read the full review of . &quot;plugin name&quot; is a &quot;attributes of plugin&quot; plugin for &quot;what the plugin does&quot; for your WordPress website.,https://appsfomo.com/wp-content/uploads/2020/07/Healthcare-2-1280x720-layout1917-1fqcgfd.jpg,"All In One SEO Plugin Features, reviews and Pricing | Appsfomo",Read the full review of . &quot;plugin name&quot; is a &quot;attributes of plugin&quot; plugin for &quot;what the plugin does&quot; for your WordPress website.
2958,Restrict Content Pro,2958,0,external,"Restrict Content Pro Plugin Features, reviews and Pricing | Appsfomo",Read the full review of Restrict-Content-Pro. It is a quick and clean membership plugin for hiding content access of your WordPress website.,https://appsfomo.com/wp-content/uploads/2020/07/restrict-content.jpg,https://appsfomo.com/wp-content/uploads/2020/07/restrict-content.jpg,"Restrict Content Pro Plugin Features, reviews and Pricing | Appsfomo",Read the full review of Restrict-Content-Pro. It is a quick and clean membership plugin for hiding content access of your WordPress website.,https://appsfomo.com/wp-content/uploads/2020/07/restrict-content.jpg,"Restrict Content Pro Plugin Features, reviews and Pricing | Appsfomo",Read the full review of Restrict-Content-Pro. It is a quick and clean membership plugin for hiding content access of your WordPress website.
2962,User Pro,2962,0,external,"User Pro Plugin Features, reviews and Pricing | Appsfomo",Read the full review of User-Pro. User Pro is a hybrid membership plugin to restrict content and to create forms for your WordPress website.,https://appsfomo.com/wp-content/uploads/2020/07/user-pro.jpg,https://appsfomo.com/wp-content/uploads/2020/07/user-pro.jpg,"User Pro Plugin Features, reviews and Pricing | Appsfomo",Read the full review of User-Pro. User Pro is a hybrid membership plugin to restrict content and to create forms for your WordPress website.,https://appsfomo.com/wp-content/uploads/2020/07/user-pro.jpg,"User Pro Plugin Features, reviews and Pricing | Appsfomo",Read the full review of User-Pro. User Pro is a hybrid membership plugin to restrict content and to create forms for your WordPress website.
2964,Keyword Tool,2964,0,external,"Keyword Tool Plugin Features, reviews and Pricing | Appsfomo",Read the full review of Keyword-Tool. It&#039;s a keyword planner plugin for research of new keywords for high traffic for your WordPress website.,https://appsfomo.com/wp-content/uploads/2020/07/keyword-tool.jpg,https://appsfomo.com/wp-content/uploads/2020/07/keyword-tool.jpg,"Keyword Tool Plugin Features, reviews and Pricing | Appsfomo",Read the full review of Keyword-Tool. It&#039;s a keyword planner plugin for research of new keywords for high traffic for your WordPress website.,https://appsfomo.com/wp-content/uploads/2020/07/keyword-tool.jpg,"Keyword Tool Plugin Features, reviews and Pricing | Appsfomo",Read the full review of Keyword-Tool. It&#039;s a keyword planner plugin for research of new keywords for high traffic for your WordPress website.
2966,Visual Composer,2966,0,external,"Visual Composer Plugin Features, reviews and Pricing | Appsfomo",Read the full review of Visual-Composer. Visual Composer is a WordPress website plugin for front/back end editing for your WordPress website.,https://appsfomo.com/wp-content/uploads/2020/08/vc_thumb.png,https://appsfomo.com/wp-content/uploads/2020/08/vc_thumb.png,"Visual Composer Plugin Features, reviews and Pricing | Appsfomo",Read the full review of Visual-Composer. Visual Composer is a WordPress website plugin for front/back end editing for your WordPress website.,https://appsfomo.com/wp-content/uploads/2020/08/vc_thumb.png,"Visual Composer Plugin Features, reviews and Pricing | Appsfomo",Read the full review of Visual-Composer. Visual Composer is a WordPress website plugin for front/back end editing for your WordPress website.
2968,Cornerstone,2968,0,external,"Cornerstone Theme Features, Reviews and Pricing | Appsfomo",Read the full review of Cornerstone. Cornerstone - a custom plugin for a full operative content management system for your WordPress website.,https://appsfomo.com/wp-content/uploads/2020/07/Corner-Stone.jpg,https://appsfomo.com/wp-content/uploads/2020/07/Corner-Stone.jpg,"Cornerstone Theme Features, Reviews and Pricing | Appsfomo",Read the full review of Cornerstone. Cornerstone - a custom plugin for a full operative content management system for your WordPress website.,https://appsfomo.com/wp-content/uploads/2020/07/Corner-Stone.jpg,"Cornerstone Theme Features, Reviews and Pricing | Appsfomo",Read the full review of Cornerstone. Cornerstone - a custom plugin for a full operative content management system for your WordPress website.
2972,Site Origin,2972,0,external,"Site Origin Plugin Features, reviews and Pricing | Appsfomo",Read the full review of Site-Origin. It&#039;s a drag&amp;drop page builder plugin for easy responsive column page layouts for your WordPress website.,https://appsfomo.com/wp-content/uploads/2020/07/Site-Origin.jpg,https://appsfomo.com/wp-content/uploads/2020/07/Site-Origin.jpg,"Site Origin Plugin Features, reviews and Pricing | Appsfomo",Read the full review of Site-Origin. It&#039;s a drag&amp;drop page builder plugin for easy responsive column page layouts for your WordPress website.,https://appsfomo.com/wp-content/uploads/2020/07/Site-Origin.jpg,"Site Origin Plugin Features, reviews and Pricing | Appsfomo",Read the full review of Site-Origin. It&#039;s a drag&amp;drop page builder plugin for easy responsive column page layouts for your WordPress website.
2974,Beaver Builder,2974,0,external,"Beaver-Builder Theme Features, Reviews and Pricing | Appsfomo",Read the full review of Beaver-Builder. It&#039;s a page builder plugin for creating beautiful and professional pages for your WordPress website.,https://appsfomo.com/wp-content/uploads/2020/07/Beaver-Builder.jpg,https://appsfomo.com/wp-content/uploads/2020/07/Beaver-Builder.jpg,"Beaver-Builder Theme Features, Reviews and Pricing | Appsfomo",Read the full review of Beaver-Builder. It&#039;s a page builder plugin for creating beautiful and professional pages for your WordPress website.,https://appsfomo.com/wp-content/uploads/2020/07/Beaver-Builder.jpg,"Beaver-Builder Theme Features, Reviews and Pricing | Appsfomo",Read the full review of Beaver-Builder. It&#039;s a page builder plugin for creating beautiful and professional pages for your WordPress website.
2976,Paid Membership Pro,2976,0,external,"Paid Membership Pro Plugin Features, reviews and Pricing | Appsfomo",Read the full review of Paid-Membership-Pro. It&#039;s a membership plugin for restricting user access to only members for your WordPress website.,https://appsfomo.com/wp-content/uploads/2020/08/Paid-Mrembership.jpg,https://appsfomo.com/wp-content/uploads/2020/08/Paid-Mrembership.jpg,"Paid Membership Pro Plugin Features, reviews and Pricing | Appsfomo",Read the full review of Paid-Membership-Pro. It&#039;s a membership plugin for restricting user access to only members for your WordPress website.,https://appsfomo.com/wp-content/uploads/2020/08/Paid-Mrembership.jpg,"Paid Membership Pro Plugin Features, reviews and Pricing | Appsfomo",Read the full review of Paid-Membership-Pro. It&#039;s a membership plugin for restricting user access to only members for your WordPress website.
2980,AccessPress Anonymous Post Pro,2980,0,external,"AccessPress Anonymous Post Pro Plugin Features, reviews and Pricing | Appsfomo",Read the full review of AccessPress-Anonymous-Post-Pro. It is a WPform plugin for users to easily submit any post for your WordPress website.,https://appsfomo.com/wp-content/uploads/2020/08/AccessPress-Anonymous-Post-Pro.jpg,https://appsfomo.com/wp-content/uploads/2020/08/AccessPress-Anonymous-Post-Pro.jpg,"AccessPress Anonymous Post Pro Plugin Features, reviews and Pricing | Appsfomo",Read the full review of AccessPress-Anonymous-Post-Pro. It is a WPform plugin for users to easily submit any post for your WordPress website.,https://appsfomo.com/wp-content/uploads/2020/08/AccessPress-Anonymous-Post-Pro.jpg,"AccessPress Anonymous Post Pro Plugin Features, reviews and Pricing | Appsfomo",Read the full review of AccessPress-Anonymous-Post-Pro. It is a WPform plugin for users to easily submit any post for your WordPress website.
2982,SEMrush,2982,0,external,"SEMrush Plugin Features, reviews and Pricing | Appsfomo",SEMrush Competitive data the plugin for digital marketing professionals. It is used to search for the competitors of different prospects.,https://appsfomo.com/wp-content/uploads/2020/08/Se-Mursh.jpg,https://appsfomo.com/wp-content/uploads/2020/08/Se-Mursh.jpg,"SEMrush Plugin Features, reviews and Pricing | Appsfomo",SEMrush Competitive data the plugin for digital marketing professionals. It is used to search for the competitors of different prospects.,https://appsfomo.com/wp-content/uploads/2020/08/Se-Mursh.jpg,"SEMrush Plugin Features, reviews and Pricing | Appsfomo",SEMrush Competitive data the plugin for digital marketing professionals. It is used to search for the competitors of different prospects.
2984,S2 Member Pro,2984,0,external,"S2 Member Pro Plugin Features, reviews and Pricing | Appsfomo",Read the full review of S2-Member-Pro. It&#039;s a membership plugin for feature rich options adhering to all requests for your WordPress website.,https://appsfomo.com/wp-content/uploads/2020/07/S2-Memeber-Pro.jpg,https://appsfomo.com/wp-content/uploads/2020/07/S2-Memeber-Pro.jpg,"S2 Member Pro Plugin Features, reviews and Pricing | Appsfomo",Read the full review of S2-Member-Pro. It&#039;s a membership plugin for feature rich options adhering to all requests for your WordPress website.,https://appsfomo.com/wp-content/uploads/2020/07/S2-Memeber-Pro.jpg,"S2 Member Pro Plugin Features, reviews and Pricing | Appsfomo",Read the full review of S2-Member-Pro. It&#039;s a membership plugin for feature rich options adhering to all requests for your WordPress website.
2986,Slider Revolution,2986,0,external,"Slider Revolution Plugin Features, reviews and Pricing | Appsfomo",Read the full review of Slider-Revolution. It is a quick display plugin for organizing content in a creative way for your WordPress website.,https://appsfomo.com/wp-content/uploads/2020/07/slider-revolution.jpg,https://appsfomo.com/wp-content/uploads/2020/07/slider-revolution.jpg,"Slider Revolution Plugin Features, reviews and Pricing | Appsfomo",Read the full review of Slider-Revolution. It is a quick display plugin for organizing content in a creative way for your WordPress website.,https://appsfomo.com/wp-content/uploads/2020/07/slider-revolution.jpg,"Slider Revolution Plugin Features, reviews and Pricing | Appsfomo",Read the full review of Slider-Revolution. It is a quick display plugin for organizing content in a creative way for your WordPress website.
2988,LayerSlider,2988,0,external,"LayerSlider Plugin Features, reviews and Pricing | Appsfomo",Read the full review of Layerslider. Layerslider is a slider plugin for multi-purpose animation and easy sharing for your WordPress website.,https://appsfomo.com/wp-content/uploads/2020/07/Layer-slider.jpg,https://appsfomo.com/wp-content/uploads/2020/07/Layer-slider.jpg,"LayerSlider Plugin Features, reviews and Pricing | Appsfomo",Read the full review of Layerslider. Layerslider is a slider plugin for multi-purpose animation and easy sharing for your WordPress website.,https://appsfomo.com/wp-content/uploads/2020/07/Layer-slider.jpg,"LayerSlider Plugin Features, reviews and Pricing | Appsfomo",Read the full review of Layerslider. Layerslider is a slider plugin for multi-purpose animation and easy sharing for your WordPress website.
2990,Soliloquy,2990,0,external,"Soliloquy Plugin Features, reviews and Pricing | Appsfomo",Read the full review of Soliloquy. Soliloquy is a slider plugin for creating unique one pages with easy-to-use UI for your WordPress website.,https://appsfomo.com/wp-content/uploads/2020/07/Soliloquy.jpg,https://appsfomo.com/wp-content/uploads/2020/07/Soliloquy.jpg,"Soliloquy Plugin Features, reviews and Pricing | Appsfomo",Read the full review of Soliloquy. Soliloquy is a slider plugin for creating unique one pages with easy-to-use UI for your WordPress website.,https://appsfomo.com/wp-content/uploads/2020/07/Soliloquy.jpg,"Soliloquy Plugin Features, reviews and Pricing | Appsfomo",Read the full review of Soliloquy. Soliloquy is a slider plugin for creating unique one pages with easy-to-use UI for your WordPress website.
2992,Meta Slider,2992,0,external,"Meta Slider Plugin Features, reviews and Pricing | Appsfomo",Read the full review of Meta-Slider. Meta Slider&#039;s a fast &amp; easy slider plugin for integrating with other plugins for your WordPress website.,https://appsfomo.com/wp-content/uploads/2020/08/Meta-slider.jpg,https://appsfomo.com/wp-content/uploads/2020/08/Meta-slider.jpg,"Meta Slider Plugin Features, reviews and Pricing | Appsfomo",Read the full review of Meta-Slider. Meta Slider&#039;s a fast &amp; easy slider plugin for integrating with other plugins for your WordPress website.,https://appsfomo.com/wp-content/uploads/2020/08/Meta-slider.jpg,"Meta Slider Plugin Features, reviews and Pricing | Appsfomo",Read the full review of Meta-Slider. Meta Slider&#039;s a fast &amp; easy slider plugin for integrating with other plugins for your WordPress website.
2993,Ithemes Security Pro,2993,0,external,"Ithemes Security Pro Plugin Features, reviews and Pricing | Appsfomo",Read the full review of iThemes-Security-Pro. It is a widely-used security plugin for protecting hardened content for your WordPress website.,https://appsfomo.com/wp-content/uploads/2020/09/Itheme-.jpg,https://appsfomo.com/wp-content/uploads/2020/09/Itheme-.jpg,"Ithemes Security Pro Plugin Features, reviews and Pricing | Appsfomo",Read the full review of iThemes-Security-Pro. It is a widely-used security plugin for protecting hardened content for your WordPress website.,https://appsfomo.com/wp-content/uploads/2020/09/Itheme-.jpg,"Ithemes Security Pro Plugin Features, reviews and Pricing | Appsfomo",Read the full review of iThemes-Security-Pro. It is a widely-used security plugin for protecting hardened content for your WordPress website.
2995,Wonder Slider,2995,0,external,"Wonder Slider Plugin Features, reviews and Pricing | Appsfomo","Read the full review of Wonder-Slider. Wonder-Slider&#039;s a slider plugin for creating image, post and video sliders for your WordPress website.",https://appsfomo.com/wp-content/uploads/2020/07/wonder-slider.jpg,https://appsfomo.com/wp-content/uploads/2020/07/wonder-slider.jpg,"Wonder Slider Plugin Features, reviews and Pricing | Appsfomo","Read the full review of Wonder-Slider. Wonder-Slider&#039;s a slider plugin for creating image, post and video sliders for your WordPress website.",https://appsfomo.com/wp-content/uploads/2020/07/wonder-slider.jpg,"Wonder Slider Plugin Features, reviews and Pricing | Appsfomo","Read the full review of Wonder-Slider. Wonder-Slider&#039;s a slider plugin for creating image, post and video sliders for your WordPress website."
2997,Superfly,2997,0,external,"Superfly Plugin Features, reviews and Pricing | Appsfomo",Read the full review of plugin Superfly. Superfly is an easy to use WordPress menu plugin that can be used as a standalone navigation.,https://appsfomo.com/wp-content/uploads/2020/07/Superfly.jpg,https://appsfomo.com/wp-content/uploads/2020/07/Superfly.jpg,"Superfly Plugin Features, reviews and Pricing | Appsfomo",Read the full review of plugin Superfly. Superfly is an easy to use WordPress menu plugin that can be used as a standalone navigation.,https://appsfomo.com/wp-content/uploads/2020/07/Superfly.jpg,"Superfly Plugin Features, reviews and Pricing | Appsfomo",Read the full review of plugin Superfly. Superfly is an easy to use WordPress menu plugin that can be used as a standalone navigation.
2999,Easy Social Share Button,2999,0,external,"Easy Social Share Button Plugin Features, reviews and Pricing | Appsfomo","Read the full review of Easy Social Share Button. One can increase shares, grow profile, increase clients, and drive tremendous traffic.",https://appsfomo.com/wp-content/uploads/2020/07/Easy-Social-Share-Button.jpg,https://appsfomo.com/wp-content/uploads/2020/07/Easy-Social-Share-Button.jpg,"Easy Social Share Button Plugin Features, reviews and Pricing | Appsfomo","Read the full review of Easy Social Share Button. One can increase shares, grow profile, increase clients, and drive tremendous traffic.",https://appsfomo.com/wp-content/uploads/2020/07/Easy-Social-Share-Button.jpg,"Easy Social Share Button Plugin Features, reviews and Pricing | Appsfomo","Read the full review of Easy Social Share Button. One can increase shares, grow profile, increase clients, and drive tremendous traffic."
3001,Wordfence,3001,0,external,"Wordfence Plugin Features, reviews and Pricing | Appsfomo",Read the full review of Wordfence. Wordfence is the security plugin that protects the security and privacy of the website.,https://appsfomo.com/wp-content/uploads/2020/09/Wordfence.jpg,https://appsfomo.com/wp-content/uploads/2020/09/Wordfence.jpg,"Wordfence Plugin Features, reviews and Pricing | Appsfomo",Read the full review of Wordfence. Wordfence is the security plugin that protects the security and privacy of the website.,https://appsfomo.com/wp-content/uploads/2020/09/Wordfence.jpg,"Wordfence Plugin Features, reviews and Pricing | Appsfomo",Read the full review of Wordfence. Wordfence is the security plugin that protects the security and privacy of the website.
3003,Monarch,3003,0,external,"Monarch Plugin Features, reviews and Pricing | Appsfomo",Monarch is a social media plugin with style which acts as a positive force for the business and the website.,https://appsfomo.com/wp-content/uploads/2020/07/Monarch.jpg,https://appsfomo.com/wp-content/uploads/2020/07/Monarch.jpg,"Monarch Plugin Features, reviews and Pricing | Appsfomo",Monarch is a social media plugin with style which acts as a positive force for the business and the website.,https://appsfomo.com/wp-content/uploads/2020/07/Monarch.jpg,"Monarch Plugin Features, reviews and Pricing | Appsfomo",Monarch is a social media plugin with style which acts as a positive force for the business and the website.
3005,Shield WordPress Security,3005,0,external,"Shield WordPress Security Plugin Features, reviews and Pricing | Appsfomo",Read the review of Shield WordPress Security. The Most Comprehensive and Highest-Rated Security System for WordPress.,https://appsfomo.com/wp-content/uploads/2020/08/Shield-Security.jpg,https://appsfomo.com/wp-content/uploads/2020/08/Shield-Security.jpg,"Shield WordPress Security Plugin Features, reviews and Pricing | Appsfomo",Read the review of Shield WordPress Security. The Most Comprehensive and Highest-Rated Security System for WordPress.,https://appsfomo.com/wp-content/uploads/2020/08/Shield-Security.jpg,"Shield WordPress Security Plugin Features, reviews and Pricing | Appsfomo",Read the review of Shield WordPress Security. The Most Comprehensive and Highest-Rated Security System for WordPress.
3007,Bookly,3007,0,external,"Bookly Plugin Features, reviews and Pricing | Appsfomo",Read the review of Bookly. Bookly is the wordpress appointment booking plugin which comes under the calendars category.,https://appsfomo.com/wp-content/uploads/2020/07/Bookly.jpg,https://appsfomo.com/wp-content/uploads/2020/07/Bookly.jpg,"Bookly Plugin Features, reviews and Pricing | Appsfomo",Read the review of Bookly. Bookly is the wordpress appointment booking plugin which comes under the calendars category.,https://appsfomo.com/wp-content/uploads/2020/07/Bookly.jpg,"Bookly Plugin Features, reviews and Pricing | Appsfomo",Read the review of Bookly. Bookly is the wordpress appointment booking plugin which comes under the calendars category.
3009,Flow Flow,3009,0,external,"Flow Flow Plugin Features, reviews and Pricing | Appsfomo",Flow Flow is premium social media plugin that serves as a great alternative to web services that charge monthly payment for similar options.,https://appsfomo.com/wp-content/uploads/2020/07/Flow-Flow.jpg,https://appsfomo.com/wp-content/uploads/2020/07/Flow-Flow.jpg,"Flow Flow Plugin Features, reviews and Pricing | Appsfomo",Flow Flow is premium social media plugin that serves as a great alternative to web services that charge monthly payment for similar options.,https://appsfomo.com/wp-content/uploads/2020/07/Flow-Flow.jpg,"Flow Flow Plugin Features, reviews and Pricing | Appsfomo",Flow Flow is premium social media plugin that serves as a great alternative to web services that charge monthly payment for similar options.
3011,Booki,3011,0,external,"Booki Plugin Features, reviews and Pricing | Appsfomo",Read the review of Booki. Booki is the calendar plugin that allow us to manage our appointments and reservations online.,https://appsfomo.com/wp-content/uploads/2020/07/Booki.jpg,https://appsfomo.com/wp-content/uploads/2020/07/Booki.jpg,"Booki Plugin Features, reviews and Pricing | Appsfomo",Read the review of Booki. Booki is the calendar plugin that allow us to manage our appointments and reservations online.,https://appsfomo.com/wp-content/uploads/2020/07/Booki.jpg,"Booki Plugin Features, reviews and Pricing | Appsfomo",Read the review of Booki. Booki is the calendar plugin that allow us to manage our appointments and reservations online.
3013,Social Media Feather,3013,0,external,"Social Media Feather Plugin Features, reviews and Pricing | Appsfomo",Read the full review of Social Media Feather. It is efficient in sharing profile buttons and icons for social media.,,0,"Social Media Feather Plugin Features, reviews and Pricing | Appsfomo",Read the full review of Social Media Feather. It is efficient in sharing profile buttons and icons for social media.,0,"Social Media Feather Plugin Features, reviews and Pricing | Appsfomo",Read the full review of Social Media Feather. It is efficient in sharing profile buttons and icons for social media.
3015,Layered Popups,3015,0,external,"Layered Popups Plugin Features, reviews and Pricing | Appsfomo","Layered Popups is one of the fastest popup plugins. With this plugin, we can make our own customized and unique multi-layers animated popups.",https://appsfomo.com/wp-content/uploads/2020/07/Layered-Popups.jpg,https://appsfomo.com/wp-content/uploads/2020/07/Layered-Popups.jpg,"Layered Popups Plugin Features, reviews and Pricing | Appsfomo","Layered Popups is one of the fastest popup plugins. With this plugin, we can make our own customized and unique multi-layers animated popups.",https://appsfomo.com/wp-content/uploads/2020/07/Layered-Popups.jpg,"Layered Popups Plugin Features, reviews and Pricing | Appsfomo","Layered Popups is one of the fastest popup plugins. With this plugin, we can make our own customized and unique multi-layers animated popups."
3017,Social share buttons - social pug,3017,0,external,"Social share buttons - social pug Plugin Features, reviews and Pricing | Appsfomo",Read the review of Social share buttons - social pug. Social share buttons from social pug are extremely flexible and customizable.,https://appsfomo.com/wp-content/uploads/2020/08/social-pug-share-thumb.png,https://appsfomo.com/wp-content/uploads/2020/08/social-pug-share-thumb.png,"Social share buttons - social pug Plugin Features, reviews and Pricing | Appsfomo",Read the review of Social share buttons - social pug. Social share buttons from social pug are extremely flexible and customizable.,https://appsfomo.com/wp-content/uploads/2020/08/social-pug-share-thumb.png,"Social share buttons - social pug Plugin Features, reviews and Pricing | Appsfomo",Read the review of Social share buttons - social pug. Social share buttons from social pug are extremely flexible and customizable.
3019,Realtyna,3019,0,external,"Realtyna Plugin Features, reviews and Pricing | Appsfomo","Read the full review of Realtyna. It is a plugin for 2 major content management systems, Wordpress and Joomla.",https://appsfomo.com/wp-content/uploads/2020/08/realtyna-thumb.jpeg,https://appsfomo.com/wp-content/uploads/2020/08/realtyna-thumb.jpeg,"Realtyna Plugin Features, reviews and Pricing | Appsfomo","Read the full review of Realtyna. It is a plugin for 2 major content management systems, Wordpress and Joomla.",https://appsfomo.com/wp-content/uploads/2020/08/realtyna-thumb.jpeg,"Realtyna Plugin Features, reviews and Pricing | Appsfomo","Read the full review of Realtyna. It is a plugin for 2 major content management systems, Wordpress and Joomla."
3023,Booked,3023,0,external,"Booked Plugin Features, reviews and Pricing | Appsfomo",Booked is a simple appointment booking plugin that allows your visitors to purchase their appointments and checkout using checkout.,https://appsfomo.com/wp-content/uploads/2020/08/booked-thumb.jpg,https://appsfomo.com/wp-content/uploads/2020/08/booked-thumb.jpg,"Booked Plugin Features, reviews and Pricing | Appsfomo",Booked is a simple appointment booking plugin that allows your visitors to purchase their appointments and checkout using checkout.,https://appsfomo.com/wp-content/uploads/2020/08/booked-thumb.jpg,"Booked Plugin Features, reviews and Pricing | Appsfomo",Booked is a simple appointment booking plugin that allows your visitors to purchase their appointments and checkout using checkout.
3027,Awesome Live Chat,3027,0,external,"Awesome Live Chat Plugin Features, reviews and Pricing | Appsfomo",Read the full review of plugin Awesome Live Chat. It allows the website visitors to chat at the very moment with the support team,https://appsfomo.com/wp-content/uploads/2020/08/awsome-livechat_thumbnail.jpg,https://appsfomo.com/wp-content/uploads/2020/08/awsome-livechat_thumbnail.jpg,"Awesome Live Chat Plugin Features, reviews and Pricing | Appsfomo",Read the full review of plugin Awesome Live Chat. It allows the website visitors to chat at the very moment with the support team,https://appsfomo.com/wp-content/uploads/2020/08/awsome-livechat_thumbnail.jpg,"Awesome Live Chat Plugin Features, reviews and Pricing | Appsfomo",Read the full review of plugin Awesome Live Chat. It allows the website visitors to chat at the very moment with the support team
3029,WP Simple Booking calendar,3029,0,external,"WP Simple Booking calendar Plugin Features, reviews and Pricing | Appsfomo","WP Simple Booking calendar is a great availability calendar plugin for WordPress that is free, simple and powerful!",https://appsfomo.com/wp-content/uploads/2020/08/WP-Simple-Booking-Calendar-post.png,https://appsfomo.com/wp-content/uploads/2020/08/WP-Simple-Booking-Calendar-post.png,"WP Simple Booking calendar Plugin Features, reviews and Pricing | Appsfomo","WP Simple Booking calendar is a great availability calendar plugin for WordPress that is free, simple and powerful!",https://appsfomo.com/wp-content/uploads/2020/08/WP-Simple-Booking-Calendar-post.png,"WP Simple Booking calendar Plugin Features, reviews and Pricing | Appsfomo","WP Simple Booking calendar is a great availability calendar plugin for WordPress that is free, simple and powerful!"
3031,Chat X,3031,0,external,"Chat X Plugin Features, reviews and Pricing | Appsfomo",Chat X plugin allows us to start chatting with visitors who need help and it helps in speeding up customer support.,https://appsfomo.com/wp-content/uploads/2020/08/chat-x_thumbnail.jpg,https://appsfomo.com/wp-content/uploads/2020/08/chat-x_thumbnail.jpg,"Chat X Plugin Features, reviews and Pricing | Appsfomo",Chat X plugin allows us to start chatting with visitors who need help and it helps in speeding up customer support.,https://appsfomo.com/wp-content/uploads/2020/08/chat-x_thumbnail.jpg,"Chat X Plugin Features, reviews and Pricing | Appsfomo",Chat X plugin allows us to start chatting with visitors who need help and it helps in speeding up customer support.
3035,EventOn,3035,0,external,"EventOn Plugin Features, reviews and Pricing | Appsfomo","Read the full review of plugin EventOn. EventOn is one of the best event calendars with a beautifully crafted design, sleek tile layout.",https://appsfomo.com/wp-content/uploads/2020/07/Eventon.jpg,https://appsfomo.com/wp-content/uploads/2020/07/Eventon.jpg,"EventOn Plugin Features, reviews and Pricing | Appsfomo","Read the full review of plugin EventOn. EventOn is one of the best event calendars with a beautifully crafted design, sleek tile layout.",https://appsfomo.com/wp-content/uploads/2020/07/Eventon.jpg,"EventOn Plugin Features, reviews and Pricing | Appsfomo","Read the full review of plugin EventOn. EventOn is one of the best event calendars with a beautifully crafted design, sleek tile layout."
3037,Real Estate Pro,3037,0,external,"Real Estate Pro Plugin Features, reviews and Pricing | Appsfomo",Read the full review of Real Estate Pro.Rel Estate Pro is a real estate plugin that allows agencies to run a real estate business with ease.,https://appsfomo.com/wp-content/uploads/2020/07/Real-estate-pro.jpg,https://appsfomo.com/wp-content/uploads/2020/07/Real-estate-pro.jpg,"Real Estate Pro Plugin Features, reviews and Pricing | Appsfomo",Read the full review of Real Estate Pro.Rel Estate Pro is a real estate plugin that allows agencies to run a real estate business with ease.,https://appsfomo.com/wp-content/uploads/2020/07/Real-estate-pro.jpg,"Real Estate Pro Plugin Features, reviews and Pricing | Appsfomo",Read the full review of Real Estate Pro.Rel Estate Pro is a real estate plugin that allows agencies to run a real estate business with ease.
3039,Ninja Popups,3039,0,external,"Ninja Popups Plugin Features, reviews and Pricing | Appsfomo",Read the full review of the plugin Ninja Popups. Ninja Popups combines a professionally designed popups to convert visitors on your site.,https://appsfomo.com/wp-content/uploads/2020/07/Ninja-popups.jpg,https://appsfomo.com/wp-content/uploads/2020/07/Ninja-popups.jpg,"Ninja Popups Plugin Features, reviews and Pricing | Appsfomo",Read the full review of the plugin Ninja Popups. Ninja Popups combines a professionally designed popups to convert visitors on your site.,https://appsfomo.com/wp-content/uploads/2020/07/Ninja-popups.jpg,"Ninja Popups Plugin Features, reviews and Pricing | Appsfomo",Read the full review of the plugin Ninja Popups. Ninja Popups combines a professionally designed popups to convert visitors on your site.
3043,Estatik,3043,0,external,"Estatik Plugin Features, reviews and Pricing | Appsfomo",Read the full review of the plugin Estatik. Estatik plugin helps to build an inspiring real estate site quickly and easily.,https://appsfomo.com/wp-content/uploads/2020/07/Estatik.jpg,https://appsfomo.com/wp-content/uploads/2020/07/Estatik.jpg,"Estatik Plugin Features, reviews and Pricing | Appsfomo",Read the full review of the plugin Estatik. Estatik plugin helps to build an inspiring real estate site quickly and easily.,https://appsfomo.com/wp-content/uploads/2020/07/Estatik.jpg,"Estatik Plugin Features, reviews and Pricing | Appsfomo",Read the full review of the plugin Estatik. Estatik plugin helps to build an inspiring real estate site quickly and easily.
3045,Easy Property Listing,3045,0,external,"Easy Property Listing Plugin Features, reviews and Pricing | Appsfomo",Read the full review of Easy Property Listings. Easy Property Listings is a real estate plugin to create innovative websites.,https://appsfomo.com/wp-content/uploads/2020/07/Easy-Property-Listing.jpg,https://appsfomo.com/wp-content/uploads/2020/07/Easy-Property-Listing.jpg,"Easy Property Listing Plugin Features, reviews and Pricing | Appsfomo",Read the full review of Easy Property Listings. Easy Property Listings is a real estate plugin to create innovative websites.,https://appsfomo.com/wp-content/uploads/2020/07/Easy-Property-Listing.jpg,"Easy Property Listing Plugin Features, reviews and Pricing | Appsfomo",Read the full review of Easy Property Listings. Easy Property Listings is a real estate plugin to create innovative websites.
3047,WordPress Live Chat Plugin,3047,0,external,"WordPress Live Chat Plugin Plugin Features, reviews and Pricing | Appsfomo",Read the review of the plugin. WordPress live chat plugin is a live plugin for your website that lets you chat with website visitors.,https://appsfomo.com/wp-content/uploads/2020/07/WP-live-chat.jpg,https://appsfomo.com/wp-content/uploads/2020/07/WP-live-chat.jpg,"WordPress Live Chat Plugin Plugin Features, reviews and Pricing | Appsfomo",Read the review of the plugin. WordPress live chat plugin is a live plugin for your website that lets you chat with website visitors.,https://appsfomo.com/wp-content/uploads/2020/07/WP-live-chat.jpg,"WordPress Live Chat Plugin Plugin Features, reviews and Pricing | Appsfomo",Read the review of the plugin. WordPress live chat plugin is a live plugin for your website that lets you chat with website visitors.
3049,WP Flat Visual Chat,3049,0,external,"WP Flat Visual Chat Plugin Features, reviews and Pricing | Appsfomo",Read the full review of plugin WP Flat Visual Chat. WP Flat Visual Chat provides a fast and elegant live chat support.,https://appsfomo.com/wp-content/uploads/2020/07/Wp-flat.jpg,https://appsfomo.com/wp-content/uploads/2020/07/Wp-flat.jpg,"WP Flat Visual Chat Plugin Features, reviews and Pricing | Appsfomo",Read the full review of plugin WP Flat Visual Chat. WP Flat Visual Chat provides a fast and elegant live chat support.,https://appsfomo.com/wp-content/uploads/2020/07/Wp-flat.jpg,"WP Flat Visual Chat Plugin Features, reviews and Pricing | Appsfomo",Read the full review of plugin WP Flat Visual Chat. WP Flat Visual Chat provides a fast and elegant live chat support.
3051,Templatera,3051,0,external,"Templatera Plugin Features, reviews and Pricing | Appsfomo",Read the full review of Templatera. Templatera is the addon of Visual Composer and is a powerful template manager for Wordpress.,https://appsfomo.com/wp-content/uploads/2020/07/Templatera.jpg,https://appsfomo.com/wp-content/uploads/2020/07/Templatera.jpg,"Templatera Plugin Features, reviews and Pricing | Appsfomo",Read the full review of Templatera. Templatera is the addon of Visual Composer and is a powerful template manager for Wordpress.,https://appsfomo.com/wp-content/uploads/2020/07/Templatera.jpg,"Templatera Plugin Features, reviews and Pricing | Appsfomo",Read the full review of Templatera. Templatera is the addon of Visual Composer and is a powerful template manager for Wordpress.
3053,Interactive World Maps,3053,0,external,"Interactive World Maps Plugin Features, reviews and Pricing | Appsfomo",Read the full review of the plugin Interactive World Maps. It helps creating as many maps as we want with interactive and colored markers.,https://appsfomo.com/wp-content/uploads/2020/07/Interactive-word-maps.jpg,https://appsfomo.com/wp-content/uploads/2020/07/Interactive-word-maps.jpg,"Interactive World Maps Plugin Features, reviews and Pricing | Appsfomo",Read the full review of the plugin Interactive World Maps. It helps creating as many maps as we want with interactive and colored markers.,https://appsfomo.com/wp-content/uploads/2020/07/Interactive-word-maps.jpg,"Interactive World Maps Plugin Features, reviews and Pricing | Appsfomo",Read the full review of the plugin Interactive World Maps. It helps creating as many maps as we want with interactive and colored markers.
3055,WooCommerce Single Product Page Builder,3055,0,external,"WooCommerce Single Product Page Builder Plugin Features, reviews and Pricing | Appsfomo",Read the review of WooCommerce Single Product Page Builder. It is one of the addons of Visual composer and highly useful.,https://appsfomo.com/wp-content/uploads/2020/07/Woocommerce-Single-Product-page-builder.jpg,https://appsfomo.com/wp-content/uploads/2020/07/Woocommerce-Single-Product-page-builder.jpg,"WooCommerce Single Product Page Builder Plugin Features, reviews and Pricing | Appsfomo",Read the review of WooCommerce Single Product Page Builder. It is one of the addons of Visual composer and highly useful.,https://appsfomo.com/wp-content/uploads/2020/07/Woocommerce-Single-Product-page-builder.jpg,"WooCommerce Single Product Page Builder Plugin Features, reviews and Pricing | Appsfomo",Read the review of WooCommerce Single Product Page Builder. It is one of the addons of Visual composer and highly useful.
3057,Visual Composer Clipboard,3057,0,external,"Visual Composer Clipboard Plugin Features, reviews and Pricing | Appsfomo",Read the full review of Visual Composer Clipboard. Visual composer clipboard add-on lets you copy and paste rows across pages.,https://appsfomo.com/wp-content/uploads/2020/07/Visual-Composer-Clipboard.jpg,https://appsfomo.com/wp-content/uploads/2020/07/Visual-Composer-Clipboard.jpg,"Visual Composer Clipboard Plugin Features, reviews and Pricing | Appsfomo",Read the full review of Visual Composer Clipboard. Visual composer clipboard add-on lets you copy and paste rows across pages.,https://appsfomo.com/wp-content/uploads/2020/07/Visual-Composer-Clipboard.jpg,"Visual Composer Clipboard Plugin Features, reviews and Pricing | Appsfomo",Read the full review of Visual Composer Clipboard. Visual composer clipboard add-on lets you copy and paste rows across pages.
3059,Ultimate Addons for Visual Composer,3059,0,external,"Ultimate Addons for Visual Composer Plugin Features, reviews and Pricing | Appsfomo",Read the full review of Ultimate Addons for Visual Composer. Ultimate add-ons for Visual Composer is a best selling Visual Composer Add-on.,https://appsfomo.com/wp-content/uploads/2020/07/Ultimate-Addons-for-Visual-Composer.jpg,https://appsfomo.com/wp-content/uploads/2020/07/Ultimate-Addons-for-Visual-Composer.jpg,"Ultimate Addons for Visual Composer Plugin Features, reviews and Pricing | Appsfomo",Read the full review of Ultimate Addons for Visual Composer. Ultimate add-ons for Visual Composer is a best selling Visual Composer Add-on.,https://appsfomo.com/wp-content/uploads/2020/07/Ultimate-Addons-for-Visual-Composer.jpg,"Ultimate Addons for Visual Composer Plugin Features, reviews and Pricing | Appsfomo",Read the full review of Ultimate Addons for Visual Composer. Ultimate add-ons for Visual Composer is a best selling Visual Composer Add-on.
3061,Visual Composer Extensions Addon,3061,0,external,"Visual Composer Extensions Addon Plugin Features, reviews and Pricing | Appsfomo",Read the full review of Visual Composer Extensions Addon. It has more than 80+ premium elements at your disposal.,https://appsfomo.com/wp-content/uploads/2020/07/Visual-Composer.jpg,https://appsfomo.com/wp-content/uploads/2020/07/Visual-Composer.jpg,"Visual Composer Extensions Addon Plugin Features, reviews and Pricing | Appsfomo",Read the full review of Visual Composer Extensions Addon. It has more than 80+ premium elements at your disposal.,https://appsfomo.com/wp-content/uploads/2020/07/Visual-Composer.jpg,"Visual Composer Extensions Addon Plugin Features, reviews and Pricing | Appsfomo",Read the full review of Visual Composer Extensions Addon. It has more than 80+ premium elements at your disposal.
3063,4k Icon Fonts for Visual Composer,3063,0,external,"4k Icon Fonts for Visual Composer Plugin Features, reviews and Pricing | Appsfomo",Read the full review of 4k Icon Fonts for Visual Composer. 4k Icon Fonts for Visual Composer is a short code add-on.,https://appsfomo.com/wp-content/uploads/2020/07/4k-Icon-Fonts-for-Visual-Composer.png,https://appsfomo.com/wp-content/uploads/2020/07/4k-Icon-Fonts-for-Visual-Composer.png,"4k Icon Fonts for Visual Composer Plugin Features, reviews and Pricing | Appsfomo",Read the full review of 4k Icon Fonts for Visual Composer. 4k Icon Fonts for Visual Composer is a short code add-on.,https://appsfomo.com/wp-content/uploads/2020/07/4k-Icon-Fonts-for-Visual-Composer.png,"4k Icon Fonts for Visual Composer Plugin Features, reviews and Pricing | Appsfomo",Read the full review of 4k Icon Fonts for Visual Composer. 4k Icon Fonts for Visual Composer is a short code add-on.
3065,Ultimate Tweaker,3065,0,external,"Ultimate Tweaker Plugin Features, reviews and Pricing | Appsfomo","Read the full review of the plugin Ultimate Tweaker. Its admin menu tweaker allows to organize the menu, hide with firewall, etc.",https://appsfomo.com/wp-content/uploads/2020/07/Ultimate-Tweaker.png,https://appsfomo.com/wp-content/uploads/2020/07/Ultimate-Tweaker.png,"Ultimate Tweaker Plugin Features, reviews and Pricing | Appsfomo","Read the full review of the plugin Ultimate Tweaker. Its admin menu tweaker allows to organize the menu, hide with firewall, etc.",https://appsfomo.com/wp-content/uploads/2020/07/Ultimate-Tweaker.png,"Ultimate Tweaker Plugin Features, reviews and Pricing | Appsfomo","Read the full review of the plugin Ultimate Tweaker. Its admin menu tweaker allows to organize the menu, hide with firewall, etc."
3067,Akismet,3067,0,external,"Akismet Plugin Features, reviews and Pricing | Appsfomo",Read the full review of the plugin Akismet. Akismet is the most used plugin to check your comments against the Akismet Web service.,https://appsfomo.com/wp-content/uploads/2020/07/Akismit.jpg,https://appsfomo.com/wp-content/uploads/2020/07/Akismit.jpg,"Akismet Plugin Features, reviews and Pricing | Appsfomo",Read the full review of the plugin Akismet. Akismet is the most used plugin to check your comments against the Akismet Web service.,https://appsfomo.com/wp-content/uploads/2020/07/Akismit.jpg,"Akismet Plugin Features, reviews and Pricing | Appsfomo",Read the full review of the plugin Akismet. Akismet is the most used plugin to check your comments against the Akismet Web service.
3069,WPML,3069,0,external,"WPML Plugin Features, reviews and Pricing | Appsfomo","Read the full review of the plugin WPML. WPML plugin can translate pages, posts, custom types, taxonomy, menus and even the theme’s texts.",https://appsfomo.com/wp-content/uploads/2020/07/WPML.jpg,https://appsfomo.com/wp-content/uploads/2020/07/WPML.jpg,"WPML Plugin Features, reviews and Pricing | Appsfomo","Read the full review of the plugin WPML. WPML plugin can translate pages, posts, custom types, taxonomy, menus and even the theme’s texts.",https://appsfomo.com/wp-content/uploads/2020/07/WPML.jpg,"WPML Plugin Features, reviews and Pricing | Appsfomo","Read the full review of the plugin WPML. WPML plugin can translate pages, posts, custom types, taxonomy, menus and even the theme’s texts."
3071,Visual Composer Extensions Addon All in One,3071,0,external,"Visual Composer Extensions Addon All in One Plugin Features, reviews and Pricing | Appsfomo",Read the review of Visual Composer Extensions Addon All in One. This plugin is the addon for Visual Composer Page Builder.,https://appsfomo.com/wp-content/uploads/2020/07/Visual-Composer-Extensions-Addon-All-in-One.jpg,https://appsfomo.com/wp-content/uploads/2020/07/Visual-Composer-Extensions-Addon-All-in-One.jpg,"Visual Composer Extensions Addon All in One Plugin Features, reviews and Pricing | Appsfomo",Read the review of Visual Composer Extensions Addon All in One. This plugin is the addon for Visual Composer Page Builder.,https://appsfomo.com/wp-content/uploads/2020/07/Visual-Composer-Extensions-Addon-All-in-One.jpg,"Visual Composer Extensions Addon All in One Plugin Features, reviews and Pricing | Appsfomo",Read the review of Visual Composer Extensions Addon All in One. This plugin is the addon for Visual Composer Page Builder.
3073,Easy Tables,3073,0,external,"Easy Tables Plugin Features, reviews and Pricing | Appsfomo",Read the full review of plugin Easy Tables. Easy Tables allows you to create tables with easy to use drag and drop interface.,https://appsfomo.com/wp-content/uploads/2020/07/Easy-table.jpg,https://appsfomo.com/wp-content/uploads/2020/07/Easy-table.jpg,"Easy Tables Plugin Features, reviews and Pricing | Appsfomo",Read the full review of plugin Easy Tables. Easy Tables allows you to create tables with easy to use drag and drop interface.,https://appsfomo.com/wp-content/uploads/2020/07/Easy-table.jpg,"Easy Tables Plugin Features, reviews and Pricing | Appsfomo",Read the full review of plugin Easy Tables. Easy Tables allows you to create tables with easy to use drag and drop interface.
3075,Javo,3075,0,external,"Javo Theme Features, Reviews and Pricing | Appsfomo",Read the full review of the plugin Javo. Javo is the top rated directory theme with a variety of new features and addons.,https://appsfomo.com/wp-content/uploads/2020/07/Javo.jpg,https://appsfomo.com/wp-content/uploads/2020/07/Javo.jpg,"Javo Theme Features, Reviews and Pricing | Appsfomo",Read the full review of the plugin Javo. Javo is the top rated directory theme with a variety of new features and addons.,https://appsfomo.com/wp-content/uploads/2020/07/Javo.jpg,"Javo Theme Features, Reviews and Pricing | Appsfomo",Read the full review of the plugin Javo. Javo is the top rated directory theme with a variety of new features and addons.
3077,Massive Addons for Visual Composer,3077,0,external,"Massive Addons for Visual Composer Plugin Features, reviews and Pricing | Appsfomo","Read the review of Massive Addons for Visual Composer. It lets you preset entire rows and columns, every shortcode, etc.",https://appsfomo.com/wp-content/uploads/2020/07/Massive-Addons.jpg,https://appsfomo.com/wp-content/uploads/2020/07/Massive-Addons.jpg,"Massive Addons for Visual Composer Plugin Features, reviews and Pricing | Appsfomo","Read the review of Massive Addons for Visual Composer. It lets you preset entire rows and columns, every shortcode, etc.",https://appsfomo.com/wp-content/uploads/2020/07/Massive-Addons.jpg,"Massive Addons for Visual Composer Plugin Features, reviews and Pricing | Appsfomo","Read the review of Massive Addons for Visual Composer. It lets you preset entire rows and columns, every shortcode, etc."
3079,DHVC form,3079,0,external,"DHVC form Plugin Features, reviews and Pricing | Appsfomo",Read the full review of the plugin DHVC form. It is a unique plugin which allows you to create and manage form very easily.,https://appsfomo.com/wp-content/uploads/2020/07/DHVC-form.jpg,https://appsfomo.com/wp-content/uploads/2020/07/DHVC-form.jpg,"DHVC form Plugin Features, reviews and Pricing | Appsfomo",Read the full review of the plugin DHVC form. It is a unique plugin which allows you to create and manage form very easily.,https://appsfomo.com/wp-content/uploads/2020/07/DHVC-form.jpg,"DHVC form Plugin Features, reviews and Pricing | Appsfomo",Read the full review of the plugin DHVC form. It is a unique plugin which allows you to create and manage form very easily.
3081,Woocommerce Products Layouts,3081,0,external,"Woocommerce Products Layouts Plugin Features, reviews and Pricing | Appsfomo",Read the full review of the plugin Woocommerce Products Layouts. DHVC Woocommerce Product allows you to create brands for your shop.,https://appsfomo.com/wp-content/uploads/2020/07/Woocommerce-Products-Layouts.jpg,https://appsfomo.com/wp-content/uploads/2020/07/Woocommerce-Products-Layouts.jpg,"Woocommerce Products Layouts Plugin Features, reviews and Pricing | Appsfomo",Read the full review of the plugin Woocommerce Products Layouts. DHVC Woocommerce Product allows you to create brands for your shop.,https://appsfomo.com/wp-content/uploads/2020/07/Woocommerce-Products-Layouts.jpg,"Woocommerce Products Layouts Plugin Features, reviews and Pricing | Appsfomo",Read the full review of the plugin Woocommerce Products Layouts. DHVC Woocommerce Product allows you to create brands for your shop.
3083,WP Rocket,3083,0,external,"WP Rocket Plugin Features, reviews and Pricing | Appsfomo","Read the full review of the plugin WP Rocket. WP Rocket launches upon activation - minimal configuration, immediate results.",https://appsfomo.com/wp-content/uploads/2020/07/Wp-Rocket-2.jpg,https://appsfomo.com/wp-content/uploads/2020/07/Wp-Rocket-2.jpg,"WP Rocket Plugin Features, reviews and Pricing | Appsfomo","Read the full review of the plugin WP Rocket. WP Rocket launches upon activation - minimal configuration, immediate results.",https://appsfomo.com/wp-content/uploads/2020/07/Wp-Rocket-2.jpg,"WP Rocket Plugin Features, reviews and Pricing | Appsfomo","Read the full review of the plugin WP Rocket. WP Rocket launches upon activation - minimal configuration, immediate results."
3085,Anti-spam Pro,3085,0,external,"Anti-spam Pro Plugin Features, reviews and Pricing | Appsfomo",Read the full review of Anti-spam Pro. Anti-spam Pro is a powerful plugin that blocks spam in the comments.,https://appsfomo.com/wp-content/uploads/2020/07/Anti-Spam.jpg,https://appsfomo.com/wp-content/uploads/2020/07/Anti-Spam.jpg,"Anti-spam Pro Plugin Features, reviews and Pricing | Appsfomo",Read the full review of Anti-spam Pro. Anti-spam Pro is a powerful plugin that blocks spam in the comments.,https://appsfomo.com/wp-content/uploads/2020/07/Anti-Spam.jpg,"Anti-spam Pro Plugin Features, reviews and Pricing | Appsfomo",Read the full review of Anti-spam Pro. Anti-spam Pro is a powerful plugin that blocks spam in the comments.
3087,W3 Total Cache,3087,0,external,"W3 Total Cache Plugin Features, reviews and Pricing | Appsfomo",Read the full review of W3 Total Cache. W3 Total Cache improves the SEO and user experience by improving website performance.,https://appsfomo.com/wp-content/uploads/2020/07/w3-total-cache.jpg,https://appsfomo.com/wp-content/uploads/2020/07/w3-total-cache.jpg,"W3 Total Cache Plugin Features, reviews and Pricing | Appsfomo",Read the full review of W3 Total Cache. W3 Total Cache improves the SEO and user experience by improving website performance.,https://appsfomo.com/wp-content/uploads/2020/07/w3-total-cache.jpg,"W3 Total Cache Plugin Features, reviews and Pricing | Appsfomo",Read the full review of W3 Total Cache. W3 Total Cache improves the SEO and user experience by improving website performance.
3089,WP Fastest Cache,3089,0,external,"WP Fastest Cache Plugin Features, reviews and Pricing | Appsfomo",Read the full review of the plugin WP Fastest Cache. It is a powerful plugin to create static HTML files from your dynamic WordPress blog.,https://appsfomo.com/wp-content/uploads/2020/07/wp-super-cache.jpg,https://appsfomo.com/wp-content/uploads/2020/07/wp-super-cache.jpg,"WP Fastest Cache Plugin Features, reviews and Pricing | Appsfomo",Read the full review of the plugin WP Fastest Cache. It is a powerful plugin to create static HTML files from your dynamic WordPress blog.,https://appsfomo.com/wp-content/uploads/2020/07/wp-super-cache.jpg,"WP Fastest Cache Plugin Features, reviews and Pricing | Appsfomo",Read the full review of the plugin WP Fastest Cache. It is a powerful plugin to create static HTML files from your dynamic WordPress blog.
3091,Comet Cache,3091,0,external,"Comet Cache Plugin Features, reviews and Pricing | Appsfomo","Read the full review of the plugin Comet Cache. With Comet Cache, your pages can be generated in under a second.",https://appsfomo.com/wp-content/uploads/2020/07/Comet-Cache.jpg,https://appsfomo.com/wp-content/uploads/2020/07/Comet-Cache.jpg,"Comet Cache Plugin Features, reviews and Pricing | Appsfomo","Read the full review of the plugin Comet Cache. With Comet Cache, your pages can be generated in under a second.",https://appsfomo.com/wp-content/uploads/2020/07/Comet-Cache.jpg,"Comet Cache Plugin Features, reviews and Pricing | Appsfomo","Read the full review of the plugin Comet Cache. With Comet Cache, your pages can be generated in under a second."
3095,Anti-spam Bee,3095,0,external,"Anti-spam Bee Plugin Features, reviews and Pricing | Appsfomo",Read the full review of the plugin Anti-spam Bee. Anti-spam Bee is an easy and extremely productive spam fighting plugin.,https://appsfomo.com/wp-content/uploads/2020/07/Anti-spam-bee.jpg,https://appsfomo.com/wp-content/uploads/2020/07/Anti-spam-bee.jpg,"Anti-spam Bee Plugin Features, reviews and Pricing | Appsfomo",Read the full review of the plugin Anti-spam Bee. Anti-spam Bee is an easy and extremely productive spam fighting plugin.,https://appsfomo.com/wp-content/uploads/2020/07/Anti-spam-bee.jpg,"Anti-spam Bee Plugin Features, reviews and Pricing | Appsfomo",Read the full review of the plugin Anti-spam Bee. Anti-spam Bee is an easy and extremely productive spam fighting plugin.
3099,CleanTalk,3099,0,external,"CleanTalk Plugin Features, reviews and Pricing | Appsfomo",Read the full review of the plugin CleanTalk. CleanTalk is a powerful plugin to fight annoying spams and mails.,https://appsfomo.com/wp-content/uploads/2020/07/Clean-Talk.jpg,https://appsfomo.com/wp-content/uploads/2020/07/Clean-Talk.jpg,"CleanTalk Plugin Features, reviews and Pricing | Appsfomo",Read the full review of the plugin CleanTalk. CleanTalk is a powerful plugin to fight annoying spams and mails.,https://appsfomo.com/wp-content/uploads/2020/07/Clean-Talk.jpg,"CleanTalk Plugin Features, reviews and Pricing | Appsfomo",Read the full review of the plugin CleanTalk. CleanTalk is a powerful plugin to fight annoying spams and mails.
3101,WPBruiser,3101,0,external,"WPBruiser Plugin Features, reviews and Pricing | Appsfomo",Read the full review of the plugin WPBruiser. WPBruiser is an anti-spam and security plugin based on algorithms that identify spam bots.,https://appsfomo.com/wp-content/uploads/2020/07/Wp-bruiser.jpg,https://appsfomo.com/wp-content/uploads/2020/07/Wp-bruiser.jpg,"WPBruiser Plugin Features, reviews and Pricing | Appsfomo",Read the full review of the plugin WPBruiser. WPBruiser is an anti-spam and security plugin based on algorithms that identify spam bots.,https://appsfomo.com/wp-content/uploads/2020/07/Wp-bruiser.jpg,"WPBruiser Plugin Features, reviews and Pricing | Appsfomo",Read the full review of the plugin WPBruiser. WPBruiser is an anti-spam and security plugin based on algorithms that identify spam bots.
3103,WP Cerber,3103,0,external,"WP Cerber Plugin Features, reviews and Pricing | Appsfomo",Read the full review of WP Cerber. WP Cerber is a powerful plugin for securing your WordPress website against brute-force-attacks.,https://appsfomo.com/wp-content/uploads/2020/07/Wp-Cerber.jpg,https://appsfomo.com/wp-content/uploads/2020/07/Wp-Cerber.jpg,"WP Cerber Plugin Features, reviews and Pricing | Appsfomo",Read the full review of WP Cerber. WP Cerber is a powerful plugin for securing your WordPress website against brute-force-attacks.,https://appsfomo.com/wp-content/uploads/2020/07/Wp-Cerber.jpg,"WP Cerber Plugin Features, reviews and Pricing | Appsfomo",Read the full review of WP Cerber. WP Cerber is a powerful plugin for securing your WordPress website against brute-force-attacks.
3105,"WordPress, BuddyPress Users Chat Plugin",3105,0,external,"WordPress, BuddyPress Users Chat Plugin Plugin Features, reviews and Pricing | Appsfomo","Read the full review of the plugin WordPress, BuddyPress Users Chat Plugin. It is a user based chat plugin for instant chatting.",https://appsfomo.com/wp-content/uploads/2020/07/WB-chat.jpg,https://appsfomo.com/wp-content/uploads/2020/07/WB-chat.jpg,"WordPress, BuddyPress Users Chat Plugin Plugin Features, reviews and Pricing | Appsfomo","Read the full review of the plugin WordPress, BuddyPress Users Chat Plugin. It is a user based chat plugin for instant chatting.",https://appsfomo.com/wp-content/uploads/2020/07/WB-chat.jpg,"WordPress, BuddyPress Users Chat Plugin Plugin Features, reviews and Pricing | Appsfomo","Read the full review of the plugin WordPress, BuddyPress Users Chat Plugin. It is a user based chat plugin for instant chatting."
3107,WooCommerce Amazon Affiliates,3107,0,external,"WooCommerce Amazon Affiliates Plugin Features, reviews and Pricing | Appsfomo",Read the full review of the plugin WooCommerce Amazon Affiliates. It is a creative plugin to choose products from any Amazon website.,https://appsfomo.com/wp-content/uploads/2020/07/Wozone.jpg,https://appsfomo.com/wp-content/uploads/2020/07/Wozone.jpg,"WooCommerce Amazon Affiliates Plugin Features, reviews and Pricing | Appsfomo",Read the full review of the plugin WooCommerce Amazon Affiliates. It is a creative plugin to choose products from any Amazon website.,https://appsfomo.com/wp-content/uploads/2020/07/Wozone.jpg,"WooCommerce Amazon Affiliates Plugin Features, reviews and Pricing | Appsfomo",Read the full review of the plugin WooCommerce Amazon Affiliates. It is a creative plugin to choose products from any Amazon website.
3109,Table Rate Shipping,3109,0,external,"Table Rate Shipping Plugin Features, reviews and Pricing | Appsfomo",Read the full review of the plugin Table Rate Shipping. It is a creative plugin having the ability to add multiple rates for a given customer,https://appsfomo.com/wp-content/uploads/2020/07/Table-rate-shipping.jpg,https://appsfomo.com/wp-content/uploads/2020/07/Table-rate-shipping.jpg,"Table Rate Shipping Plugin Features, reviews and Pricing | Appsfomo",Read the full review of the plugin Table Rate Shipping. It is a creative plugin having the ability to add multiple rates for a given customer,https://appsfomo.com/wp-content/uploads/2020/07/Table-rate-shipping.jpg,"Table Rate Shipping Plugin Features, reviews and Pricing | Appsfomo",Read the full review of the plugin Table Rate Shipping. It is a creative plugin having the ability to add multiple rates for a given customer
3111,Woof,3111,0,external,"Woof Plugin Features, reviews and Pricing | Appsfomo",Read the full review of the plugin Woof. Woof is a flexible plugin to allow your visitors make searching of products by its categories,https://appsfomo.com/wp-content/uploads/2020/07/Woof.jpg,https://appsfomo.com/wp-content/uploads/2020/07/Woof.jpg,"Woof Plugin Features, reviews and Pricing | Appsfomo",Read the full review of the plugin Woof. Woof is a flexible plugin to allow your visitors make searching of products by its categories,https://appsfomo.com/wp-content/uploads/2020/07/Woof.jpg,"Woof Plugin Features, reviews and Pricing | Appsfomo",Read the full review of the plugin Woof. Woof is a flexible plugin to allow your visitors make searching of products by its categories
3113,WooCommerce Extra Product Options,3113,0,external,"WooCommerce Extra Product Options Plugin Features, reviews and Pricing | Appsfomo",Read the full review of the plugin WooCommerce Extra Product Options. It is a modern plugin to create priced product variations.,https://appsfomo.com/wp-content/uploads/2020/07/Peoduct-option.jpg,https://appsfomo.com/wp-content/uploads/2020/07/Peoduct-option.jpg,"WooCommerce Extra Product Options Plugin Features, reviews and Pricing | Appsfomo",Read the full review of the plugin WooCommerce Extra Product Options. It is a modern plugin to create priced product variations.,https://appsfomo.com/wp-content/uploads/2020/07/Peoduct-option.jpg,"WooCommerce Extra Product Options Plugin Features, reviews and Pricing | Appsfomo",Read the full review of the plugin WooCommerce Extra Product Options. It is a modern plugin to create priced product variations.
3115,WooCommerce Shipping Tracking,3115,0,external,"WooCommerce Shipping Tracking Plugin Features, reviews and Pricing | Appsfomo",Read the full review of the plugin WooCommerce Shipping Tracking. It is a unique plugin which lets the clients to easily track their orders.,https://appsfomo.com/wp-content/uploads/2020/08/Shipping-Track.jpg,https://appsfomo.com/wp-content/uploads/2020/08/Shipping-Track.jpg,"WooCommerce Shipping Tracking Plugin Features, reviews and Pricing | Appsfomo",Read the full review of the plugin WooCommerce Shipping Tracking. It is a unique plugin which lets the clients to easily track their orders.,https://appsfomo.com/wp-content/uploads/2020/08/Shipping-Track.jpg,"WooCommerce Shipping Tracking Plugin Features, reviews and Pricing | Appsfomo",Read the full review of the plugin WooCommerce Shipping Tracking. It is a unique plugin which lets the clients to easily track their orders.
3117,WooCommerce Dynamic Pricing and Discounts,3117,0,external,"WooCommerce Dynamic Pricing and Discounts Plugin Features, reviews and Pricing | Appsfomo",Read the full review of WooCommerce Dynamic Pricing and Discounts. It lets you manage product pricing rules and cart discounts.,https://appsfomo.com/wp-content/uploads/2020/07/Dynamic-Pricing.jpg,https://appsfomo.com/wp-content/uploads/2020/07/Dynamic-Pricing.jpg,"WooCommerce Dynamic Pricing and Discounts Plugin Features, reviews and Pricing | Appsfomo",Read the full review of WooCommerce Dynamic Pricing and Discounts. It lets you manage product pricing rules and cart discounts.,https://appsfomo.com/wp-content/uploads/2020/07/Dynamic-Pricing.jpg,"WooCommerce Dynamic Pricing and Discounts Plugin Features, reviews and Pricing | Appsfomo",Read the full review of WooCommerce Dynamic Pricing and Discounts. It lets you manage product pricing rules and cart discounts.
3119,Hide My WP,3119,0,external,"Hide My WP Plugin Features, reviews and Pricing | Appsfomo",Read the full review of Hide my WP. It is a powerful plugin used to collect and analyze anonymous data from the IDS database,https://appsfomo.com/wp-content/uploads/2020/07/Hide-My-Wp.jpg,https://appsfomo.com/wp-content/uploads/2020/07/Hide-My-Wp.jpg,"Hide My WP Plugin Features, reviews and Pricing | Appsfomo",Read the full review of Hide my WP. It is a powerful plugin used to collect and analyze anonymous data from the IDS database,https://appsfomo.com/wp-content/uploads/2020/07/Hide-My-Wp.jpg,"Hide My WP Plugin Features, reviews and Pricing | Appsfomo",Read the full review of Hide my WP. It is a powerful plugin used to collect and analyze anonymous data from the IDS database
3121,Testimonials Showcase,3121,0,external,"Testimonials Showcase Plugin Features, reviews and Pricing | Appsfomo","Read the full review of Testimonials Showcase. Testimonials Showcase is a powerful plugin to display testimonials, reviews in multiple ways",https://appsfomo.com/wp-content/uploads/2020/07/Testimonials-showcase.jpg,https://appsfomo.com/wp-content/uploads/2020/07/Testimonials-showcase.jpg,"Testimonials Showcase Plugin Features, reviews and Pricing | Appsfomo","Read the full review of Testimonials Showcase. Testimonials Showcase is a powerful plugin to display testimonials, reviews in multiple ways",https://appsfomo.com/wp-content/uploads/2020/07/Testimonials-showcase.jpg,"Testimonials Showcase Plugin Features, reviews and Pricing | Appsfomo","Read the full review of Testimonials Showcase. Testimonials Showcase is a powerful plugin to display testimonials, reviews in multiple ways"
3123,Reviewer,3123,0,external,"Reviewer Plugin Features, reviews and Pricing | Appsfomo",Read the full review of the plugin Reviewer. Reviewer allows us to insert reviews and comparison tables inside your WordPress blog.,https://appsfomo.com/wp-content/uploads/2020/07/Reviewer.jpg,https://appsfomo.com/wp-content/uploads/2020/07/Reviewer.jpg,"Reviewer Plugin Features, reviews and Pricing | Appsfomo",Read the full review of the plugin Reviewer. Reviewer allows us to insert reviews and comparison tables inside your WordPress blog.,https://appsfomo.com/wp-content/uploads/2020/07/Reviewer.jpg,"Reviewer Plugin Features, reviews and Pricing | Appsfomo",Read the full review of the plugin Reviewer. Reviewer allows us to insert reviews and comparison tables inside your WordPress blog.
3125,Let's Review,3125,0,external,"Let's Review Plugin Features, reviews and Pricing | Appsfomo",Read the full review of the plugin Let&#039;s Review. Let&#039;s Review is a modern plugin used to add criterias and reviews.,https://appsfomo.com/wp-content/uploads/2020/07/lets-review.jpg,https://appsfomo.com/wp-content/uploads/2020/07/lets-review.jpg,"Let's Review Plugin Features, reviews and Pricing | Appsfomo",Read the full review of the plugin Let&#039;s Review. Let&#039;s Review is a modern plugin used to add criterias and reviews.,https://appsfomo.com/wp-content/uploads/2020/07/lets-review.jpg,"Let's Review Plugin Features, reviews and Pricing | Appsfomo",Read the full review of the plugin Let&#039;s Review. Let&#039;s Review is a modern plugin used to add criterias and reviews.
3127,Taqyeem,3127,0,external,"Taqyeem Plugin Features, reviews and Pricing | Appsfomo",Read the full review of the plugin Taqyeem. Taqyeem is the premium plugin used for giving reviews and ratings.,https://appsfomo.com/wp-content/uploads/2020/07/taqyeem.jpg,https://appsfomo.com/wp-content/uploads/2020/07/taqyeem.jpg,"Taqyeem Plugin Features, reviews and Pricing | Appsfomo",Read the full review of the plugin Taqyeem. Taqyeem is the premium plugin used for giving reviews and ratings.,https://appsfomo.com/wp-content/uploads/2020/07/taqyeem.jpg,"Taqyeem Plugin Features, reviews and Pricing | Appsfomo",Read the full review of the plugin Taqyeem. Taqyeem is the premium plugin used for giving reviews and ratings.
3129,Rating Form,3129,0,external,"Rating Form Plugin Features, reviews and Pricing | Appsfomo",Read the full review of the plugin Rating Form. It is a unique plugin which helps to upload our desired shapes in it.,https://appsfomo.com/wp-content/uploads/2020/07/rating-form.jpg,https://appsfomo.com/wp-content/uploads/2020/07/rating-form.jpg,"Rating Form Plugin Features, reviews and Pricing | Appsfomo",Read the full review of the plugin Rating Form. It is a unique plugin which helps to upload our desired shapes in it.,https://appsfomo.com/wp-content/uploads/2020/07/rating-form.jpg,"Rating Form Plugin Features, reviews and Pricing | Appsfomo",Read the full review of the plugin Rating Form. It is a unique plugin which helps to upload our desired shapes in it.
3131,Sidebar Widget Manager,3131,0,external,"Sidebar Widget Manager Plugin Features, reviews and Pricing | Appsfomo",Read the full review of the plugin Sidebar widget manager. Sidebar Widget Manager is a powerful plugin to have full control over layouts.,https://appsfomo.com/wp-content/uploads/2020/07/sidebar-widget-manager.jpg,https://appsfomo.com/wp-content/uploads/2020/07/sidebar-widget-manager.jpg,"Sidebar Widget Manager Plugin Features, reviews and Pricing | Appsfomo",Read the full review of the plugin Sidebar widget manager. Sidebar Widget Manager is a powerful plugin to have full control over layouts.,https://appsfomo.com/wp-content/uploads/2020/07/sidebar-widget-manager.jpg,"Sidebar Widget Manager Plugin Features, reviews and Pricing | Appsfomo",Read the full review of the plugin Sidebar widget manager. Sidebar Widget Manager is a powerful plugin to have full control over layouts.
3133,Custom Widget Areas for WordPress,3133,0,external,"Custom Widget Areas for WordPress Plugin Features, reviews and Pricing | Appsfomo",Read the full review of the plugin Custom widget areas for wordpress. This plugin helps to create an unlimited number of Sidebars and widgets.,https://appsfomo.com/wp-content/uploads/2020/08/Custom-Widget.jpg,https://appsfomo.com/wp-content/uploads/2020/08/Custom-Widget.jpg,"Custom Widget Areas for WordPress Plugin Features, reviews and Pricing | Appsfomo",Read the full review of the plugin Custom widget areas for wordpress. This plugin helps to create an unlimited number of Sidebars and widgets.,https://appsfomo.com/wp-content/uploads/2020/08/Custom-Widget.jpg,"Custom Widget Areas for WordPress Plugin Features, reviews and Pricing | Appsfomo",Read the full review of the plugin Custom widget areas for wordpress. This plugin helps to create an unlimited number of Sidebars and widgets.
3135,Widget Ninja,3135,0,external,"Widget Ninja Plugin Features, reviews and Pricing | Appsfomo",Read the full review of the plugin widget ninja. Widget Ninja is powerful plugin to control widget visibility based on conditional tags,https://appsfomo.com/wp-content/uploads/2020/07/widget-ninja.jpg,https://appsfomo.com/wp-content/uploads/2020/07/widget-ninja.jpg,"Widget Ninja Plugin Features, reviews and Pricing | Appsfomo",Read the full review of the plugin widget ninja. Widget Ninja is powerful plugin to control widget visibility based on conditional tags,https://appsfomo.com/wp-content/uploads/2020/07/widget-ninja.jpg,"Widget Ninja Plugin Features, reviews and Pricing | Appsfomo",Read the full review of the plugin widget ninja. Widget Ninja is powerful plugin to control widget visibility based on conditional tags
3137,Popping Sidebars and Widgets,3137,0,external,"Popping Sidebars and Widgets Plugin Features, reviews and Pricing | Appsfomo",Read the full review of the plugin Popping sidebars and widgets. It is an easy to install plugin used for creating pop ups.,https://appsfomo.com/wp-content/uploads/2020/07/popping-sidebars-and-widgets.jpg,https://appsfomo.com/wp-content/uploads/2020/07/popping-sidebars-and-widgets.jpg,"Popping Sidebars and Widgets Plugin Features, reviews and Pricing | Appsfomo",Read the full review of the plugin Popping sidebars and widgets. It is an easy to install plugin used for creating pop ups.,https://appsfomo.com/wp-content/uploads/2020/07/popping-sidebars-and-widgets.jpg,"Popping Sidebars and Widgets Plugin Features, reviews and Pricing | Appsfomo",Read the full review of the plugin Popping sidebars and widgets. It is an easy to install plugin used for creating pop ups.
3139,5sec Google Maps Pro,3139,0,external,"5sec Google Maps Pro Plugin Features, reviews and Pricing | Appsfomo",Read the full review of 5sec Google Maps Pro. It helps you in creating maps with multiple pins in just few seconds,https://appsfomo.com/wp-content/uploads/2020/07/5sec-google-maps-pro.jpg,https://appsfomo.com/wp-content/uploads/2020/07/5sec-google-maps-pro.jpg,"5sec Google Maps Pro Plugin Features, reviews and Pricing | Appsfomo",Read the full review of 5sec Google Maps Pro. It helps you in creating maps with multiple pins in just few seconds,https://appsfomo.com/wp-content/uploads/2020/07/5sec-google-maps-pro.jpg,"5sec Google Maps Pro Plugin Features, reviews and Pricing | Appsfomo",Read the full review of 5sec Google Maps Pro. It helps you in creating maps with multiple pins in just few seconds
3143,Hero Maps Premium,3143,0,external,"Hero Maps Premium Plugin Features, reviews and Pricing | Appsfomo",Read the full review of The Hero Maps. The Hero Maps Premium plugin allows for quick and easy Google Maps addition to your WordPress website.,https://appsfomo.com/wp-content/uploads/2020/07/HeroMapsPremium-thumb-2.jpg,https://appsfomo.com/wp-content/uploads/2020/07/HeroMapsPremium-thumb-2.jpg,"Hero Maps Premium Plugin Features, reviews and Pricing | Appsfomo",Read the full review of The Hero Maps. The Hero Maps Premium plugin allows for quick and easy Google Maps addition to your WordPress website.,https://appsfomo.com/wp-content/uploads/2020/07/HeroMapsPremium-thumb-2.jpg,"Hero Maps Premium Plugin Features, reviews and Pricing | Appsfomo",Read the full review of The Hero Maps. The Hero Maps Premium plugin allows for quick and easy Google Maps addition to your WordPress website.
3149,Hero Menu,3149,0,external,"Hero Menu Plugin Features, reviews and Pricing | Appsfomo",Read the full review of Hero Menu. HeroMenu allows you to easily and intuitively create a slick and professional WordPress menu.,https://appsfomo.com/wp-content/uploads/2020/08/heroMenu-post-1.jpg,https://appsfomo.com/wp-content/uploads/2020/08/heroMenu-post-1.jpg,"Hero Menu Plugin Features, reviews and Pricing | Appsfomo",Read the full review of Hero Menu. HeroMenu allows you to easily and intuitively create a slick and professional WordPress menu.,https://appsfomo.com/wp-content/uploads/2020/08/heroMenu-post-1.jpg,"Hero Menu Plugin Features, reviews and Pricing | Appsfomo",Read the full review of Hero Menu. HeroMenu allows you to easily and intuitively create a slick and professional WordPress menu.
3151,Ajax Translator Revolution,3151,0,external,"Ajax Translator Revolution Plugin Features, reviews and Pricing | Appsfomo",Read the full review of translator plugin. Translator Revolution WordPress Plugin is a user-friendly translation plugin.,https://appsfomo.com/wp-content/uploads/2020/07/Ajax-Translator-Revolution.jpg,https://appsfomo.com/wp-content/uploads/2020/07/Ajax-Translator-Revolution.jpg,"Ajax Translator Revolution Plugin Features, reviews and Pricing | Appsfomo",Read the full review of translator plugin. Translator Revolution WordPress Plugin is a user-friendly translation plugin.,https://appsfomo.com/wp-content/uploads/2020/07/Ajax-Translator-Revolution.jpg,"Ajax Translator Revolution Plugin Features, reviews and Pricing | Appsfomo",Read the full review of translator plugin. Translator Revolution WordPress Plugin is a user-friendly translation plugin.
3155,The Grid,3155,0,external,"The Grid Plugin Features, reviews and Pricing | Appsfomo",The Grid is a premium wordpress grid plugin which allows you to show off any custom post types in a fully customized theme.,https://appsfomo.com/wp-content/uploads/2020/07/the-grid-2.jpg,https://appsfomo.com/wp-content/uploads/2020/07/the-grid-2.jpg,"The Grid Plugin Features, reviews and Pricing | Appsfomo",The Grid is a premium wordpress grid plugin which allows you to show off any custom post types in a fully customized theme.,https://appsfomo.com/wp-content/uploads/2020/07/the-grid-2.jpg,"The Grid Plugin Features, reviews and Pricing | Appsfomo",The Grid is a premium wordpress grid plugin which allows you to show off any custom post types in a fully customized theme.
3157,Instagram Feed,3157,0,external,"Instagram Feed Plugin Features, reviews and Pricing | Appsfomo",Read the full review of Instagram feed. InstaShow is a premium WordPress Instagram feed for creating charming galleries.,https://appsfomo.com/wp-content/uploads/2020/07/INSTASHOW.jpg,https://appsfomo.com/wp-content/uploads/2020/07/INSTASHOW.jpg,"Instagram Feed Plugin Features, reviews and Pricing | Appsfomo",Read the full review of Instagram feed. InstaShow is a premium WordPress Instagram feed for creating charming galleries.,https://appsfomo.com/wp-content/uploads/2020/07/INSTASHOW.jpg,"Instagram Feed Plugin Features, reviews and Pricing | Appsfomo",Read the full review of Instagram feed. InstaShow is a premium WordPress Instagram feed for creating charming galleries.
3161,Wordpress Automatic Plugin,3161,0,external,"Wordpress Automatic Plugin Plugin Features, reviews and Pricing | Appsfomo",Read the full review of the plugin. Wordpress Automatic Plugin posts from various sources to Wordpress automatically.,https://appsfomo.com/wp-content/uploads/2020/07/wpautomatic_thumbnail-2.jpg,https://appsfomo.com/wp-content/uploads/2020/07/wpautomatic_thumbnail-2.jpg,"Wordpress Automatic Plugin Plugin Features, reviews and Pricing | Appsfomo",Read the full review of the plugin. Wordpress Automatic Plugin posts from various sources to Wordpress automatically.,https://appsfomo.com/wp-content/uploads/2020/07/wpautomatic_thumbnail-2.jpg,"Wordpress Automatic Plugin Plugin Features, reviews and Pricing | Appsfomo",Read the full review of the plugin. Wordpress Automatic Plugin posts from various sources to Wordpress automatically.
3163,Scrapes,3163,0,external,"Scrapes Plugin Features, reviews and Pricing | Appsfomo",Scrapes is a WordPress plugin that copies contents from a website to your WordPress website for once or multiple times.,https://appsfomo.com/wp-content/uploads/2020/07/SCRAPES.jpg,https://appsfomo.com/wp-content/uploads/2020/07/SCRAPES.jpg,"Scrapes Plugin Features, reviews and Pricing | Appsfomo",Scrapes is a WordPress plugin that copies contents from a website to your WordPress website for once or multiple times.,https://appsfomo.com/wp-content/uploads/2020/07/SCRAPES.jpg,"Scrapes Plugin Features, reviews and Pricing | Appsfomo",Scrapes is a WordPress plugin that copies contents from a website to your WordPress website for once or multiple times.
3165,Responsive flipbook,3165,0,external,"Responsive flipbook Plugin Features, reviews and Pricing | Appsfomo",Read the full review of Responsive flipbook plugin. Responsive flipbook plugin helps to create any flipbook with ease.,https://appsfomo.com/wp-content/uploads/2020/07/FLIPBOOK.jpg,https://appsfomo.com/wp-content/uploads/2020/07/FLIPBOOK.jpg,"Responsive flipbook Plugin Features, reviews and Pricing | Appsfomo",Read the full review of Responsive flipbook plugin. Responsive flipbook plugin helps to create any flipbook with ease.,https://appsfomo.com/wp-content/uploads/2020/07/FLIPBOOK.jpg,"Responsive flipbook Plugin Features, reviews and Pricing | Appsfomo",Read the full review of Responsive flipbook plugin. Responsive flipbook plugin helps to create any flipbook with ease.
3169,Go Pricing,3169,0,external,"Go Pricing Plugin Features, reviews and Pricing | Appsfomo",Read the full review of Go Pricing. Go Pricing makes it super easy to create WordPress pricing or compare tables.,https://appsfomo.com/wp-content/uploads/2020/07/GO-PRICING.jpg,https://appsfomo.com/wp-content/uploads/2020/07/GO-PRICING.jpg,"Go Pricing Plugin Features, reviews and Pricing | Appsfomo",Read the full review of Go Pricing. Go Pricing makes it super easy to create WordPress pricing or compare tables.,https://appsfomo.com/wp-content/uploads/2020/07/GO-PRICING.jpg,"Go Pricing Plugin Features, reviews and Pricing | Appsfomo",Read the full review of Go Pricing. Go Pricing makes it super easy to create WordPress pricing or compare tables.
3171,Advanced Google Maps,3171,0,external,"Advanced Google Maps Plugin Features, reviews and Pricing | Appsfomo",Read the full review of Advanced Google Maps Plugin for Wordpress which is the most advanced Google Maps plugin ever created.,https://appsfomo.com/wp-content/uploads/2020/07/Advanced-Google-Maps.jpg,https://appsfomo.com/wp-content/uploads/2020/07/Advanced-Google-Maps.jpg,"Advanced Google Maps Plugin Features, reviews and Pricing | Appsfomo",Read the full review of Advanced Google Maps Plugin for Wordpress which is the most advanced Google Maps plugin ever created.,https://appsfomo.com/wp-content/uploads/2020/07/Advanced-Google-Maps.jpg,"Advanced Google Maps Plugin Features, reviews and Pricing | Appsfomo",Read the full review of Advanced Google Maps Plugin for Wordpress which is the most advanced Google Maps plugin ever created.
3173,Smart Image Compressor,3173,0,external,"Smart Image Compressor Plugin Features, reviews and Pricing | Appsfomo",Read the full review of Smart image compressor plugin which is very useful to compress all large size images in wordpress media.,https://appsfomo.com/wp-content/uploads/2020/07/smart-image-compressor.jpg,https://appsfomo.com/wp-content/uploads/2020/07/smart-image-compressor.jpg,"Smart Image Compressor Plugin Features, reviews and Pricing | Appsfomo",Read the full review of Smart image compressor plugin which is very useful to compress all large size images in wordpress media.,https://appsfomo.com/wp-content/uploads/2020/07/smart-image-compressor.jpg,"Smart Image Compressor Plugin Features, reviews and Pricing | Appsfomo",Read the full review of Smart image compressor plugin which is very useful to compress all large size images in wordpress media.
3177,WP Data Tables,3177,0,external,"WP Data Tables Plugin Features, reviews and Pricing | Appsfomo","WP DataTables is a powerful responsive Tables, Spreadsheets and Charts Data Manager in a form of a WordPress Plugin.",https://appsfomo.com/wp-content/uploads/2020/07/wptable.jpg,https://appsfomo.com/wp-content/uploads/2020/07/wptable.jpg,"WP Data Tables Plugin Features, reviews and Pricing | Appsfomo","WP DataTables is a powerful responsive Tables, Spreadsheets and Charts Data Manager in a form of a WordPress Plugin.",https://appsfomo.com/wp-content/uploads/2020/07/wptable.jpg,"WP Data Tables Plugin Features, reviews and Pricing | Appsfomo","WP DataTables is a powerful responsive Tables, Spreadsheets and Charts Data Manager in a form of a WordPress Plugin."
3179,WP Cost Estimation,3179,0,external,"WP Cost Estimation Plugin Features, reviews and Pricing | Appsfomo",WP Cost estimation and Payments form builder helps us to easily sell any customized services and products creating our own calculator.,https://appsfomo.com/wp-content/uploads/2020/07/wpcost.jpg,https://appsfomo.com/wp-content/uploads/2020/07/wpcost.jpg,"WP Cost Estimation Plugin Features, reviews and Pricing | Appsfomo",WP Cost estimation and Payments form builder helps us to easily sell any customized services and products creating our own calculator.,https://appsfomo.com/wp-content/uploads/2020/07/wpcost.jpg,"WP Cost Estimation Plugin Features, reviews and Pricing | Appsfomo",WP Cost estimation and Payments form builder helps us to easily sell any customized services and products creating our own calculator.
3181,WP Timeline,3181,0,external,"WP Timeline Plugin Features, reviews and Pricing | Appsfomo","WP Timeline is a Wordpress plugin that helps you create and show a beautiful timeline, history, stories easily.",https://appsfomo.com/wp-content/uploads/2020/08/WPtimeline_thumbnail.jpg,https://appsfomo.com/wp-content/uploads/2020/08/WPtimeline_thumbnail.jpg,"WP Timeline Plugin Features, reviews and Pricing | Appsfomo","WP Timeline is a Wordpress plugin that helps you create and show a beautiful timeline, history, stories easily.",https://appsfomo.com/wp-content/uploads/2020/08/WPtimeline_thumbnail.jpg,"WP Timeline Plugin Features, reviews and Pricing | Appsfomo","WP Timeline is a Wordpress plugin that helps you create and show a beautiful timeline, history, stories easily."
3183,Content Egg,3183,0,external,"Content Egg Plugin Features, reviews and Pricing | Appsfomo","Content Egg is all in one solution for creating profitable websites, affiliate websites, price comparison, deals and product reviews.",https://appsfomo.com/wp-content/uploads/2020/07/Content-Egg.jpg,https://appsfomo.com/wp-content/uploads/2020/07/Content-Egg.jpg,"Content Egg Plugin Features, reviews and Pricing | Appsfomo","Content Egg is all in one solution for creating profitable websites, affiliate websites, price comparison, deals and product reviews.",https://appsfomo.com/wp-content/uploads/2020/07/Content-Egg.jpg,"Content Egg Plugin Features, reviews and Pricing | Appsfomo","Content Egg is all in one solution for creating profitable websites, affiliate websites, price comparison, deals and product reviews."
3185,White Label,3185,0,external,"White Label Plugin Features, reviews and Pricing | Appsfomo",Alter the White Label Wordpress plugin lets you customize most of the elements of Wordpress admin dashboard or panel.,https://appsfomo.com/wp-content/uploads/2020/07/ALTER.jpg,https://appsfomo.com/wp-content/uploads/2020/07/ALTER.jpg,"White Label Plugin Features, reviews and Pricing | Appsfomo",Alter the White Label Wordpress plugin lets you customize most of the elements of Wordpress admin dashboard or panel.,https://appsfomo.com/wp-content/uploads/2020/07/ALTER.jpg,"White Label Plugin Features, reviews and Pricing | Appsfomo",Alter the White Label Wordpress plugin lets you customize most of the elements of Wordpress admin dashboard or panel.
3187,Essential Grid,3187,0,external,"Essential Grid Plugin Features, reviews and Pricing | Appsfomo",Essential Grid is the grid building solution for wordpress that allows you to display various content formats in a highly customizable grid,https://appsfomo.com/wp-content/uploads/2020/07/ESSENTIAL-GRID.jpg,https://appsfomo.com/wp-content/uploads/2020/07/ESSENTIAL-GRID.jpg,"Essential Grid Plugin Features, reviews and Pricing | Appsfomo",Essential Grid is the grid building solution for wordpress that allows you to display various content formats in a highly customizable grid,https://appsfomo.com/wp-content/uploads/2020/07/ESSENTIAL-GRID.jpg,"Essential Grid Plugin Features, reviews and Pricing | Appsfomo",Essential Grid is the grid building solution for wordpress that allows you to display various content formats in a highly customizable grid
3189,Master Slider,3189,0,external,"Master Slider Plugin Features, reviews and Pricing | Appsfomo","Master Slider WordPress is a high quality image and content slider for WordPress, with super smooth hardware accelerated transitions.",https://appsfomo.com/wp-content/uploads/2020/07/MASTER-SLIDER.jpg,https://appsfomo.com/wp-content/uploads/2020/07/MASTER-SLIDER.jpg,"Master Slider Plugin Features, reviews and Pricing | Appsfomo","Master Slider WordPress is a high quality image and content slider for WordPress, with super smooth hardware accelerated transitions.",https://appsfomo.com/wp-content/uploads/2020/07/MASTER-SLIDER.jpg,"Master Slider Plugin Features, reviews and Pricing | Appsfomo","Master Slider WordPress is a high quality image and content slider for WordPress, with super smooth hardware accelerated transitions."
3191,Kraken,3191,0,external,"Kraken Plugin Features, reviews and Pricing | Appsfomo","Read the full review of Kraken. Through Kraken, all new image uploads will be automatically optimized on-the-fly.",https://appsfomo.com/wp-content/uploads/2020/07/kraken.jpg,https://appsfomo.com/wp-content/uploads/2020/07/kraken.jpg,"Kraken Plugin Features, reviews and Pricing | Appsfomo","Read the full review of Kraken. Through Kraken, all new image uploads will be automatically optimized on-the-fly.",https://appsfomo.com/wp-content/uploads/2020/07/kraken.jpg,"Kraken Plugin Features, reviews and Pricing | Appsfomo","Read the full review of Kraken. Through Kraken, all new image uploads will be automatically optimized on-the-fly."
3193,Mega Menu,3193,0,external,"Mega Menu Plugin Features, reviews and Pricing | Appsfomo",Read the reviews of Mega Menu which is the multi functional responsive wordpress menu plugin used worldwide.,https://appsfomo.com/wp-content/uploads/2020/08/megamenu_thumbnail-1.jpg,https://appsfomo.com/wp-content/uploads/2020/08/megamenu_thumbnail-1.jpg,"Mega Menu Plugin Features, reviews and Pricing | Appsfomo",Read the reviews of Mega Menu which is the multi functional responsive wordpress menu plugin used worldwide.,https://appsfomo.com/wp-content/uploads/2020/08/megamenu_thumbnail-1.jpg,"Mega Menu Plugin Features, reviews and Pricing | Appsfomo",Read the reviews of Mega Menu which is the multi functional responsive wordpress menu plugin used worldwide.
3197,Yellow Pencil,3197,0,external,"Yellow Pencil Plugin Features, reviews and Pricing | Appsfomo",Yellow Pencil is a WordPress CSS style editor plugin which allows you edit the website design in real-time.,https://appsfomo.com/wp-content/uploads/2020/08/yellow-pencil-thumb.png,https://appsfomo.com/wp-content/uploads/2020/08/yellow-pencil-thumb.png,"Yellow Pencil Plugin Features, reviews and Pricing | Appsfomo",Yellow Pencil is a WordPress CSS style editor plugin which allows you edit the website design in real-time.,https://appsfomo.com/wp-content/uploads/2020/08/yellow-pencil-thumb.png,"Yellow Pencil Plugin Features, reviews and Pricing | Appsfomo",Yellow Pencil is a WordPress CSS style editor plugin which allows you edit the website design in real-time.
3203,Mini Go,3203,0,external,"Mini Go Plugin Features, reviews and Pricing | Appsfomo",MiniGO plugin is all about being neutral and letting our under construction page shine through the background we choose.,https://appsfomo.com/wp-content/uploads/2020/07/Mini-Go.jpg,https://appsfomo.com/wp-content/uploads/2020/07/Mini-Go.jpg,"Mini Go Plugin Features, reviews and Pricing | Appsfomo",MiniGO plugin is all about being neutral and letting our under construction page shine through the background we choose.,https://appsfomo.com/wp-content/uploads/2020/07/Mini-Go.jpg,"Mini Go Plugin Features, reviews and Pricing | Appsfomo",MiniGO plugin is all about being neutral and letting our under construction page shine through the background we choose.
3205,Image map pro,3205,0,external,"Image map pro Plugin Features, reviews and Pricing | Appsfomo","Read the full review of Image Map Pro which comes with a fully featured web app to quickly create, edit and export your image maps.",https://appsfomo.com/wp-content/uploads/2020/07/Image-map-pro.jpg,https://appsfomo.com/wp-content/uploads/2020/07/Image-map-pro.jpg,"Image map pro Plugin Features, reviews and Pricing | Appsfomo","Read the full review of Image Map Pro which comes with a fully featured web app to quickly create, edit and export your image maps.",https://appsfomo.com/wp-content/uploads/2020/07/Image-map-pro.jpg,"Image map pro Plugin Features, reviews and Pricing | Appsfomo","Read the full review of Image Map Pro which comes with a fully featured web app to quickly create, edit and export your image maps."
3207,Mailster,3207,0,external,"Mailster Plugin Features, reviews and Pricing | Appsfomo",Read the full review of the plugin Mailster. Mailster is the powerful email newsletter plugin for wordpress.,https://appsfomo.com/wp-content/uploads/2020/07/Mailster.jpg,https://appsfomo.com/wp-content/uploads/2020/07/Mailster.jpg,"Mailster Plugin Features, reviews and Pricing | Appsfomo",Read the full review of the plugin Mailster. Mailster is the powerful email newsletter plugin for wordpress.,https://appsfomo.com/wp-content/uploads/2020/07/Mailster.jpg,"Mailster Plugin Features, reviews and Pricing | Appsfomo",Read the full review of the plugin Mailster. Mailster is the powerful email newsletter plugin for wordpress.
3209,Tube,3209,0,external,"Tube Plugin Features, reviews and Pricing | Appsfomo",Read the full review of the plugin Tube. Tube is a powerful responsive video widget for Adobe Muse CC 15.2+.,https://appsfomo.com/wp-content/uploads/2020/07/Tube.jpg,https://appsfomo.com/wp-content/uploads/2020/07/Tube.jpg,"Tube Plugin Features, reviews and Pricing | Appsfomo",Read the full review of the plugin Tube. Tube is a powerful responsive video widget for Adobe Muse CC 15.2+.,https://appsfomo.com/wp-content/uploads/2020/07/Tube.jpg,"Tube Plugin Features, reviews and Pricing | Appsfomo",Read the full review of the plugin Tube. Tube is a powerful responsive video widget for Adobe Muse CC 15.2+.
3211,Agile store locator,3211,0,external,"Agile store locator Plugin Features, reviews and Pricing | Appsfomo",Read the review of Agile store locator. Agile Store Locator is a Google Maps Plugin giving access to nearby stores.,https://appsfomo.com/wp-content/uploads/2020/07/Agile-Store.jpg,https://appsfomo.com/wp-content/uploads/2020/07/Agile-Store.jpg,"Agile store locator Plugin Features, reviews and Pricing | Appsfomo",Read the review of Agile store locator. Agile Store Locator is a Google Maps Plugin giving access to nearby stores.,https://appsfomo.com/wp-content/uploads/2020/07/Agile-Store.jpg,"Agile store locator Plugin Features, reviews and Pricing | Appsfomo",Read the review of Agile store locator. Agile Store Locator is a Google Maps Plugin giving access to nearby stores.
3215,Album Stripes,3215,0,external,"Album Stripes Plugin Features, reviews and Pricing | Appsfomo",Read the full review of Album Stripes. Album stripes v1.5 is a powerful and unique gallery module for Gmedia plugin.,https://appsfomo.com/wp-content/uploads/2020/07/Album-Stripes.jpg,https://appsfomo.com/wp-content/uploads/2020/07/Album-Stripes.jpg,"Album Stripes Plugin Features, reviews and Pricing | Appsfomo",Read the full review of Album Stripes. Album stripes v1.5 is a powerful and unique gallery module for Gmedia plugin.,https://appsfomo.com/wp-content/uploads/2020/07/Album-Stripes.jpg,"Album Stripes Plugin Features, reviews and Pricing | Appsfomo",Read the full review of Album Stripes. Album stripes v1.5 is a powerful and unique gallery module for Gmedia plugin.
3217,Mycase,3217,0,external,"Mycase Plugin Features, reviews and Pricing | Appsfomo",Read the review of Mycase Module for Prestashop which offers online phone cover customization to your customers.,https://appsfomo.com/wp-content/uploads/2020/07/Mycase.jpg,https://appsfomo.com/wp-content/uploads/2020/07/Mycase.jpg,"Mycase Plugin Features, reviews and Pricing | Appsfomo",Read the review of Mycase Module for Prestashop which offers online phone cover customization to your customers.,https://appsfomo.com/wp-content/uploads/2020/07/Mycase.jpg,"Mycase Plugin Features, reviews and Pricing | Appsfomo",Read the review of Mycase Module for Prestashop which offers online phone cover customization to your customers.
3223,Google Analytics E-commerce,3223,0,external,"Google Analytics E-commerce Plugin Features, reviews and Pricing | Appsfomo",Read the review of Mycase Module for Google Analytics E-commerce Joomla plugin is a plugin that manages our transactions.,https://appsfomo.com/wp-content/uploads/2020/07/Google-Analytics.jpg,https://appsfomo.com/wp-content/uploads/2020/07/Google-Analytics.jpg,"Google Analytics E-commerce Plugin Features, reviews and Pricing | Appsfomo",Read the review of Mycase Module for Google Analytics E-commerce Joomla plugin is a plugin that manages our transactions.,https://appsfomo.com/wp-content/uploads/2020/07/Google-Analytics.jpg,"Google Analytics E-commerce Plugin Features, reviews and Pricing | Appsfomo",Read the review of Mycase Module for Google Analytics E-commerce Joomla plugin is a plugin that manages our transactions.
3225,Woo Commerce Recover Abandoned Art,3225,0,external,"Woo Commerce Recover Abandoned Art Plugin Features, reviews and Pricing | Appsfomo","Read Woo Commerce Recover Abandoned Art review, it is a WooCommerce extension Plugin which will recover the abandoned carts.",https://appsfomo.com/wp-content/uploads/2020/07/Recover-cart.jpg,https://appsfomo.com/wp-content/uploads/2020/07/Recover-cart.jpg,"Woo Commerce Recover Abandoned Art Plugin Features, reviews and Pricing | Appsfomo","Read Woo Commerce Recover Abandoned Art review, it is a WooCommerce extension Plugin which will recover the abandoned carts.",https://appsfomo.com/wp-content/uploads/2020/07/Recover-cart.jpg,"Woo Commerce Recover Abandoned Art Plugin Features, reviews and Pricing | Appsfomo","Read Woo Commerce Recover Abandoned Art review, it is a WooCommerce extension Plugin which will recover the abandoned carts."
3227,Popup Container adobe muse widget,3227,0,external,"Popup Container adobe muse widget Plugin Features, reviews and Pricing | Appsfomo",Read Popup Container adobe muse widget review which allows you to display a Pop-up window that locks the rest of the page until the page visitor closes it.,https://appsfomo.com/wp-content/uploads/2020/07/Popup-Container.jpg,https://appsfomo.com/wp-content/uploads/2020/07/Popup-Container.jpg,"Popup Container adobe muse widget Plugin Features, reviews and Pricing | Appsfomo",Read Popup Container adobe muse widget review which allows you to display a Pop-up window that locks the rest of the page until the page visitor closes it.,https://appsfomo.com/wp-content/uploads/2020/07/Popup-Container.jpg,"Popup Container adobe muse widget Plugin Features, reviews and Pricing | Appsfomo",Read Popup Container adobe muse widget review which allows you to display a Pop-up window that locks the rest of the page until the page visitor closes it.
3229,Ultratabs Magento Extension,3229,0,external,"Ultratabs Magento Extension Plugin Features, reviews and Pricing | Appsfomo","Read Ultratabs Magento Extension review which provide you with power to display, hide and change order of core Magento tabs..",https://appsfomo.com/wp-content/uploads/2020/07/Ultratabs.jpg,https://appsfomo.com/wp-content/uploads/2020/07/Ultratabs.jpg,"Ultratabs Magento Extension Plugin Features, reviews and Pricing | Appsfomo","Read Ultratabs Magento Extension review which provide you with power to display, hide and change order of core Magento tabs..",https://appsfomo.com/wp-content/uploads/2020/07/Ultratabs.jpg,"Ultratabs Magento Extension Plugin Features, reviews and Pricing | Appsfomo","Read Ultratabs Magento Extension review which provide you with power to display, hide and change order of core Magento tabs.."
3233,Powerbanners,3233,0,external,"Powerbanners Plugin Features, reviews and Pricing | Appsfomo",Read Powerbanners review which is a perfect solution for those who want their visitors to be aware of all hot stuffs..,https://appsfomo.com/wp-content/uploads/2020/07/Powerbanners.jpg,https://appsfomo.com/wp-content/uploads/2020/07/Powerbanners.jpg,"Powerbanners Plugin Features, reviews and Pricing | Appsfomo",Read Powerbanners review which is a perfect solution for those who want their visitors to be aware of all hot stuffs..,https://appsfomo.com/wp-content/uploads/2020/07/Powerbanners.jpg,"Powerbanners Plugin Features, reviews and Pricing | Appsfomo",Read Powerbanners review which is a perfect solution for those who want their visitors to be aware of all hot stuffs..
3235,Wunderadmin,3235,0,external,"Wunderadmin Plugin Features, reviews and Pricing | Appsfomo",Read Wunderadmin review which changes the look of your admin panel by selecting one of three themes..,https://appsfomo.com/wp-content/uploads/2020/07/Wunderadmin.jpg,https://appsfomo.com/wp-content/uploads/2020/07/Wunderadmin.jpg,"Wunderadmin Plugin Features, reviews and Pricing | Appsfomo",Read Wunderadmin review which changes the look of your admin panel by selecting one of three themes..,https://appsfomo.com/wp-content/uploads/2020/07/Wunderadmin.jpg,"Wunderadmin Plugin Features, reviews and Pricing | Appsfomo",Read Wunderadmin review which changes the look of your admin panel by selecting one of three themes..
3239,Magneto installer/duplicator,3239,0,external,"Magneto installer/duplicator Plugin Features, reviews and Pricing | Appsfomo","Read Magneto installer/duplicator review which will help you to setup, duplicate or moving any Magento system..",https://appsfomo.com/wp-content/uploads/2020/07/Magento-installer.jpg,https://appsfomo.com/wp-content/uploads/2020/07/Magento-installer.jpg,"Magneto installer/duplicator Plugin Features, reviews and Pricing | Appsfomo","Read Magneto installer/duplicator review which will help you to setup, duplicate or moving any Magento system..",https://appsfomo.com/wp-content/uploads/2020/07/Magento-installer.jpg,"Magneto installer/duplicator Plugin Features, reviews and Pricing | Appsfomo","Read Magneto installer/duplicator review which will help you to setup, duplicate or moving any Magento system.."
3241,Newsletter popup for magneto,3241,0,external,"Newsletter popup for magneto Plugin Features, reviews and Pricing | Appsfomo",Read Newsletter popup for magneto review which adds a subscription popup to your Magento store.,https://appsfomo.com/wp-content/uploads/2020/07/Newsletter-popup.jpg,https://appsfomo.com/wp-content/uploads/2020/07/Newsletter-popup.jpg,"Newsletter popup for magneto Plugin Features, reviews and Pricing | Appsfomo",Read Newsletter popup for magneto review which adds a subscription popup to your Magento store.,https://appsfomo.com/wp-content/uploads/2020/07/Newsletter-popup.jpg,"Newsletter popup for magneto Plugin Features, reviews and Pricing | Appsfomo",Read Newsletter popup for magneto review which adds a subscription popup to your Magento store.
3291,Theme X,3291,0,external,"Theme X Theme Features, Reviews and Pricing | Appsfomo",Read X theme review which helps to create a wordpress website without coding through drag and drop.,https://appsfomo.com/wp-content/uploads/2020/07/Themex.png,https://appsfomo.com/wp-content/uploads/2020/07/Themex.png,"Theme X Theme Features, Reviews and Pricing | Appsfomo",Read X theme review which helps to create a wordpress website without coding through drag and drop.,https://appsfomo.com/wp-content/uploads/2020/07/Themex.png,"Theme X Theme Features, Reviews and Pricing | Appsfomo",Read X theme review which helps to create a wordpress website without coding through drag and drop.
3293,Newspaper,3293,0,external,"newspaper Avada Theme Features, Reviews and Pricing | Appsfomo","Read the full review of the theme newspaper. Newspaper is the excellent and unique theme for news, magazines, review sites.",https://appsfomo.com/wp-content/uploads/2020/07/Healthcare-1280x720-layout2058-1fjlk7e11-2.png,https://appsfomo.com/wp-content/uploads/2020/07/Healthcare-1280x720-layout2058-1fjlk7e11-2.png,"newspaper Avada Theme Features, Reviews and Pricing | Appsfomo","Read the full review of the theme newspaper. Newspaper is the excellent and unique theme for news, magazines, review sites.",https://appsfomo.com/wp-content/uploads/2020/07/Healthcare-1280x720-layout2058-1fjlk7e11-2.png,"newspaper Avada Theme Features, Reviews and Pricing | Appsfomo","Read the full review of the theme newspaper. Newspaper is the excellent and unique theme for news, magazines, review sites."
3297,The7,3297,0,external,"The 7 Theme Features, Reviews and Pricing | Appsfomo",Read the full review of theme the7. The7 is the most customizable wordpress theme used for finance and business.,https://appsfomo.com/wp-content/uploads/2020/09/The-7.jpg,https://appsfomo.com/wp-content/uploads/2020/09/The-7.jpg,"The 7 Theme Features, Reviews and Pricing | Appsfomo",Read the full review of theme the7. The7 is the most customizable wordpress theme used for finance and business.,https://appsfomo.com/wp-content/uploads/2020/09/The-7.jpg,"The 7 Theme Features, Reviews and Pricing | Appsfomo",Read the full review of theme the7. The7 is the most customizable wordpress theme used for finance and business.
3299,Sage,3299,0,external,"Sage Theme Features, Reviews and Pricing | Appsfomo","Read the full review of the sage theme. Sage is the powerful theme for cafes, restaurants, bistros and other eatery business.",https://appsfomo.com/wp-content/uploads/2020/07/sage.jpg,https://appsfomo.com/wp-content/uploads/2020/07/sage.jpg,"Sage Theme Features, Reviews and Pricing | Appsfomo","Read the full review of the sage theme. Sage is the powerful theme for cafes, restaurants, bistros and other eatery business.",https://appsfomo.com/wp-content/uploads/2020/07/sage.jpg,"Sage Theme Features, Reviews and Pricing | Appsfomo","Read the full review of the sage theme. Sage is the powerful theme for cafes, restaurants, bistros and other eatery business."
3301,Jupiter,3301,0,external,"jupiter Theme Features, Reviews and Pricing | Appsfomo",Read the full review of jupiter theme. Jupiter is the fastest and lightest wordpress theme used for various purposes.,https://appsfomo.com/wp-content/uploads/2020/07/Jupiter.jpg,https://appsfomo.com/wp-content/uploads/2020/07/Jupiter.jpg,"jupiter Theme Features, Reviews and Pricing | Appsfomo",Read the full review of jupiter theme. Jupiter is the fastest and lightest wordpress theme used for various purposes.,https://appsfomo.com/wp-content/uploads/2020/07/Jupiter.jpg,"jupiter Theme Features, Reviews and Pricing | Appsfomo",Read the full review of jupiter theme. Jupiter is the fastest and lightest wordpress theme used for various purposes.
3307,Publisher,3307,0,external,"Publisher Theme - Features, Reviews and Pricing | Appsfomo","Read the full review of publisher theme. Publisher is the clean theme for news website, magazine and personal blogs.",https://appsfomo.com/wp-content/uploads/2020/07/Publisher-theme.jpg,https://appsfomo.com/wp-content/uploads/2020/07/Publisher-theme.jpg,"Publisher Theme - Features, Reviews and Pricing | Appsfomo","Read the full review of publisher theme. Publisher is the clean theme for news website, magazine and personal blogs.",https://appsfomo.com/wp-content/uploads/2020/07/Publisher-theme.jpg,"Publisher Theme - Features, Reviews and Pricing | Appsfomo","Read the full review of publisher theme. Publisher is the clean theme for news website, magazine and personal blogs."
3309,Rehub,3309,0,external,"Rehub Theme Features, Reviews and Pricing | Appsfomo",Read the full review of rehub theme. Rehub is the modern and hybrid theme for business and profitable websites.,https://appsfomo.com/wp-content/uploads/2020/09/Rehub.jpg,https://appsfomo.com/wp-content/uploads/2020/09/Rehub.jpg,"Rehub Theme Features, Reviews and Pricing | Appsfomo",Read the full review of rehub theme. Rehub is the modern and hybrid theme for business and profitable websites.,https://appsfomo.com/wp-content/uploads/2020/09/Rehub.jpg,"Rehub Theme Features, Reviews and Pricing | Appsfomo",Read the full review of rehub theme. Rehub is the modern and hybrid theme for business and profitable websites.
3311,Photography,3311,0,external,"Photography Theme Features, Reviews and Pricing | Appsfomo",Read the full review of the theme photography. Photography is a clean and minimal theme for portfolio websites.,https://appsfomo.com/wp-content/uploads/2020/07/Photography.jpg,https://appsfomo.com/wp-content/uploads/2020/07/Photography.jpg,"Photography Theme Features, Reviews and Pricing | Appsfomo",Read the full review of the theme photography. Photography is a clean and minimal theme for portfolio websites.,https://appsfomo.com/wp-content/uploads/2020/07/Photography.jpg,"Photography Theme Features, Reviews and Pricing | Appsfomo",Read the full review of the theme photography. Photography is a clean and minimal theme for portfolio websites.
3313,Eduma,3313,0,external,"Eduma Theme Features, Reviews and Pricing | Appsfomo",Read the full review of the eduma theme. Eduma is a creative and unique wordpress theme for education and e learning.,https://appsfomo.com/wp-content/uploads/2020/07/eduma.jpg,https://appsfomo.com/wp-content/uploads/2020/07/eduma.jpg,"Eduma Theme Features, Reviews and Pricing | Appsfomo",Read the full review of the eduma theme. Eduma is a creative and unique wordpress theme for education and e learning.,https://appsfomo.com/wp-content/uploads/2020/07/eduma.jpg,"Eduma Theme Features, Reviews and Pricing | Appsfomo",Read the full review of the eduma theme. Eduma is a creative and unique wordpress theme for education and e learning.
3315,Buzzler,3315,0,external,"Buzzler Theme Features, Reviews and Pricing | Appsfomo","Read the full review of the theme buzzler. Buzzler is a premium wordpress theme used for directory, listing and finance.",https://appsfomo.com/wp-content/uploads/2020/07/buzzler.jpg,https://appsfomo.com/wp-content/uploads/2020/07/buzzler.jpg,"Buzzler Theme Features, Reviews and Pricing | Appsfomo","Read the full review of the theme buzzler. Buzzler is a premium wordpress theme used for directory, listing and finance.",https://appsfomo.com/wp-content/uploads/2020/07/buzzler.jpg,"Buzzler Theme Features, Reviews and Pricing | Appsfomo","Read the full review of the theme buzzler. Buzzler is a premium wordpress theme used for directory, listing and finance."
3317,Listify,3317,0,external,"listify Theme Features, Reviews and Pricing | Appsfomo",Read the full review of the theme listify. Listify is the wordpress directory themes and software for earning quick revenue.,https://appsfomo.com/wp-content/uploads/2020/07/Listify.jpg,https://appsfomo.com/wp-content/uploads/2020/07/Listify.jpg,"listify Theme Features, Reviews and Pricing | Appsfomo",Read the full review of the theme listify. Listify is the wordpress directory themes and software for earning quick revenue.,https://appsfomo.com/wp-content/uploads/2020/07/Listify.jpg,"listify Theme Features, Reviews and Pricing | Appsfomo",Read the full review of the theme listify. Listify is the wordpress directory themes and software for earning quick revenue.
3319,Kleo,3319,0,external,"Kleo Theme Features, Reviews and Pricing | Appsfomo","Read the full review of the theme Kleo. Kleo is the best selling buddypress integrated theme for business, portfolio websites.",https://appsfomo.com/wp-content/uploads/2020/07/Kleo.png,https://appsfomo.com/wp-content/uploads/2020/07/Kleo.png,"Kleo Theme Features, Reviews and Pricing | Appsfomo","Read the full review of the theme Kleo. Kleo is the best selling buddypress integrated theme for business, portfolio websites.",https://appsfomo.com/wp-content/uploads/2020/07/Kleo.png,"Kleo Theme Features, Reviews and Pricing | Appsfomo","Read the full review of the theme Kleo. Kleo is the best selling buddypress integrated theme for business, portfolio websites."
3321,Consulting,3321,0,external,"Consulting Theme Features, Reviews and Pricing | Appsfomo",Read the full review of the theme consulting. Consulting is the premium wordpress theme used for business and finance.,https://appsfomo.com/wp-content/uploads/2020/07/Consulting.jpg,https://appsfomo.com/wp-content/uploads/2020/07/Consulting.jpg,"Consulting Theme Features, Reviews and Pricing | Appsfomo",Read the full review of the theme consulting. Consulting is the premium wordpress theme used for business and finance.,https://appsfomo.com/wp-content/uploads/2020/07/Consulting.jpg,"Consulting Theme Features, Reviews and Pricing | Appsfomo",Read the full review of the theme consulting. Consulting is the premium wordpress theme used for business and finance.
3323,WordPress Project Bidding : Sitemile,3323,0,external,"WordPress Project Bidding : Sitemile Theme Features, Reviews and Pricing | Appsfomo",Read the full review of WordPress Project Bidding : Sitemile. It is the hybrid theme by Sitemille to create a free lancing website.,https://appsfomo.com/wp-content/uploads/2020/07/WP-bidding.jpg,https://appsfomo.com/wp-content/uploads/2020/07/WP-bidding.jpg,"WordPress Project Bidding : Sitemile Theme Features, Reviews and Pricing | Appsfomo",Read the full review of WordPress Project Bidding : Sitemile. It is the hybrid theme by Sitemille to create a free lancing website.,https://appsfomo.com/wp-content/uploads/2020/07/WP-bidding.jpg,"WordPress Project Bidding : Sitemile Theme Features, Reviews and Pricing | Appsfomo",Read the full review of WordPress Project Bidding : Sitemile. It is the hybrid theme by Sitemille to create a free lancing website.
3325,Enfold,3325,0,external,"Enfold Theme Features, Reviews and Pricing | Appsfomo","Read the full review of Enfold. Enfold is a multi purpose theme which comes with more than hundred pages, posts and products.",https://appsfomo.com/wp-content/uploads/2020/07/Enfold.jpg,https://appsfomo.com/wp-content/uploads/2020/07/Enfold.jpg,"Enfold Theme Features, Reviews and Pricing | Appsfomo","Read the full review of Enfold. Enfold is a multi purpose theme which comes with more than hundred pages, posts and products.",https://appsfomo.com/wp-content/uploads/2020/07/Enfold.jpg,"Enfold Theme Features, Reviews and Pricing | Appsfomo","Read the full review of Enfold. Enfold is a multi purpose theme which comes with more than hundred pages, posts and products."
3327,Be Theme,3327,0,external,"Be Theme Features, Reviews and Pricing | Appsfomo",Read the full review of Be Theme. Be Theme is fully responsive multipurpose theme with 240+ pre built websites.,https://appsfomo.com/wp-content/uploads/2020/07/Be-theme.jpg,https://appsfomo.com/wp-content/uploads/2020/07/Be-theme.jpg,"Be Theme Features, Reviews and Pricing | Appsfomo",Read the full review of Be Theme. Be Theme is fully responsive multipurpose theme with 240+ pre built websites.,https://appsfomo.com/wp-content/uploads/2020/07/Be-theme.jpg,"Be Theme Features, Reviews and Pricing | Appsfomo",Read the full review of Be Theme. Be Theme is fully responsive multipurpose theme with 240+ pre built websites.
3329,Walleto,3329,0,external,"Walleto Theme Features, Reviews and Pricing | Appsfomo",Read the full review of the theme Walleto. Walleto is a premium wordpress marketplace theme to launch a marketplace website.,https://appsfomo.com/wp-content/uploads/2020/07/Walleto.jpg,https://appsfomo.com/wp-content/uploads/2020/07/Walleto.jpg,"Walleto Theme Features, Reviews and Pricing | Appsfomo",Read the full review of the theme Walleto. Walleto is a premium wordpress marketplace theme to launch a marketplace website.,https://appsfomo.com/wp-content/uploads/2020/07/Walleto.jpg,"Walleto Theme Features, Reviews and Pricing | Appsfomo",Read the full review of the theme Walleto. Walleto is a premium wordpress marketplace theme to launch a marketplace website.
3331,Makery,3331,0,external,"Makery Theme Features, Reviews and Pricing | Appsfomo",Read the full review of makery theme. Makery is the perfect wordpress theme used for marketplace and e-commerce websites.,https://appsfomo.com/wp-content/uploads/2020/07/Makery.jpg,https://appsfomo.com/wp-content/uploads/2020/07/Makery.jpg,"Makery Theme Features, Reviews and Pricing | Appsfomo",Read the full review of makery theme. Makery is the perfect wordpress theme used for marketplace and e-commerce websites.,https://appsfomo.com/wp-content/uploads/2020/07/Makery.jpg,"Makery Theme Features, Reviews and Pricing | Appsfomo",Read the full review of makery theme. Makery is the perfect wordpress theme used for marketplace and e-commerce websites.
3333,Jobify,3333,0,external,"Jobify Theme Features, Reviews and Pricing | Appsfomo",Read the full review of the theme jobify. Jobify is the creative and unique wordpress theme for building job boards.,https://appsfomo.com/wp-content/uploads/2020/07/Jobify.jpg,https://appsfomo.com/wp-content/uploads/2020/07/Jobify.jpg,"Jobify Theme Features, Reviews and Pricing | Appsfomo",Read the full review of the theme jobify. Jobify is the creative and unique wordpress theme for building job boards.,https://appsfomo.com/wp-content/uploads/2020/07/Jobify.jpg,"Jobify Theme Features, Reviews and Pricing | Appsfomo",Read the full review of the theme jobify. Jobify is the creative and unique wordpress theme for building job boards.
3335,Listable,3335,0,external,"Listable Theme Features, Reviews and Pricing | Appsfomo",Read the full review of the theme listable. Listable is the listing and directory theme used to monetize a local or global site.,https://appsfomo.com/wp-content/uploads/2020/07/listable.jpg,https://appsfomo.com/wp-content/uploads/2020/07/listable.jpg,"Listable Theme Features, Reviews and Pricing | Appsfomo",Read the full review of the theme listable. Listable is the listing and directory theme used to monetize a local or global site.,https://appsfomo.com/wp-content/uploads/2020/07/listable.jpg,"Listable Theme Features, Reviews and Pricing | Appsfomo",Read the full review of the theme listable. Listable is the listing and directory theme used to monetize a local or global site.
3337,Motors,3337,0,external,"Motors Theme Features, Reviews and Pricing | Appsfomo","Read the full review of motors theme. Motors is the unique wordpress theme for auto motives, cars, dealerships, etc.",https://appsfomo.com/wp-content/uploads/2020/07/Motors.jpg,https://appsfomo.com/wp-content/uploads/2020/07/Motors.jpg,"Motors Theme Features, Reviews and Pricing | Appsfomo","Read the full review of motors theme. Motors is the unique wordpress theme for auto motives, cars, dealerships, etc.",https://appsfomo.com/wp-content/uploads/2020/07/Motors.jpg,"Motors Theme Features, Reviews and Pricing | Appsfomo","Read the full review of motors theme. Motors is the unique wordpress theme for auto motives, cars, dealerships, etc."
3341,WYZI- Business Finder,3341,0,external,"WYZI Business Finder Theme Features, Reviews and Pricing | Appsfomo",Read the full review of WYZI Business Finder theme. WYZI is a multi-store directory theme used for social business and services.,https://appsfomo.com/wp-content/uploads/2020/07/WYZI-Business-Finder.jpg,https://appsfomo.com/wp-content/uploads/2020/07/WYZI-Business-Finder.jpg,"WYZI Business Finder Theme Features, Reviews and Pricing | Appsfomo",Read the full review of WYZI Business Finder theme. WYZI is a multi-store directory theme used for social business and services.,https://appsfomo.com/wp-content/uploads/2020/07/WYZI-Business-Finder.jpg,"WYZI Business Finder Theme Features, Reviews and Pricing | Appsfomo",Read the full review of WYZI Business Finder theme. WYZI is a multi-store directory theme used for social business and services.
3343,Real Places,3343,0,external,"Real Places Theme Features, Reviews and Pricing | Appsfomo",Read the full review of Real Places. Real Places is a purpose oriented wordpress theme used for real estate websites.,https://appsfomo.com/wp-content/uploads/2020/07/Rea-Places.jpg,https://appsfomo.com/wp-content/uploads/2020/07/Rea-Places.jpg,"Real Places Theme Features, Reviews and Pricing | Appsfomo",Read the full review of Real Places. Real Places is a purpose oriented wordpress theme used for real estate websites.,https://appsfomo.com/wp-content/uploads/2020/07/Rea-Places.jpg,"Real Places Theme Features, Reviews and Pricing | Appsfomo",Read the full review of Real Places. Real Places is a purpose oriented wordpress theme used for real estate websites.
3345,ApartmentWP,3345,0,external,"ApartmentWP Theme Features, Reviews and Pricing | Appsfomo",Read the full review of the theme ApartmentWP. ApartmentWP is a creative and modern wordpress theme for real estate and property websites.,https://appsfomo.com/wp-content/uploads/2020/07/Apartment.jpg,https://appsfomo.com/wp-content/uploads/2020/07/Apartment.jpg,"ApartmentWP Theme Features, Reviews and Pricing | Appsfomo",Read the full review of the theme ApartmentWP. ApartmentWP is a creative and modern wordpress theme for real estate and property websites.,https://appsfomo.com/wp-content/uploads/2020/07/Apartment.jpg,"ApartmentWP Theme Features, Reviews and Pricing | Appsfomo",Read the full review of the theme ApartmentWP. ApartmentWP is a creative and modern wordpress theme for real estate and property websites.
3347,Full House,3347,0,external,"Full House Theme Features, Reviews and Pricing | Appsfomo",Read the full review of Full House theme. Full House is the SEO friendly theme for real estate and property websites.,https://appsfomo.com/wp-content/uploads/2020/07/Full-house.jpg,https://appsfomo.com/wp-content/uploads/2020/07/Full-house.jpg,"Full House Theme Features, Reviews and Pricing | Appsfomo",Read the full review of Full House theme. Full House is the SEO friendly theme for real estate and property websites.,https://appsfomo.com/wp-content/uploads/2020/07/Full-house.jpg,"Full House Theme Features, Reviews and Pricing | Appsfomo",Read the full review of Full House theme. Full House is the SEO friendly theme for real estate and property websites.
3349,Residence,3349,0,external,"Residence Theme Features, Reviews and Pricing | Appsfomo",Read the full review of the residence theme. Residence is the premium and flexible wordpress theme for real estate websites.,https://appsfomo.com/wp-content/uploads/2020/07/Residence.jpg,https://appsfomo.com/wp-content/uploads/2020/07/Residence.jpg,"Residence Theme Features, Reviews and Pricing | Appsfomo",Read the full review of the residence theme. Residence is the premium and flexible wordpress theme for real estate websites.,https://appsfomo.com/wp-content/uploads/2020/07/Residence.jpg,"Residence Theme Features, Reviews and Pricing | Appsfomo",Read the full review of the residence theme. Residence is the premium and flexible wordpress theme for real estate websites.
3351,WP Rentals,3351,0,external,"WP Rentals Theme Features, Reviews and Pricing | Appsfomo",Read the full review of WP Rentals. WP Rentals is the powerful wordpress theme used for booking accommodations.,https://appsfomo.com/wp-content/uploads/2020/08/Wp-Rentals.jpg,https://appsfomo.com/wp-content/uploads/2020/08/Wp-Rentals.jpg,"WP Rentals Theme Features, Reviews and Pricing | Appsfomo",Read the full review of WP Rentals. WP Rentals is the powerful wordpress theme used for booking accommodations.,https://appsfomo.com/wp-content/uploads/2020/08/Wp-Rentals.jpg,"WP Rentals Theme Features, Reviews and Pricing | Appsfomo",Read the full review of WP Rentals. WP Rentals is the powerful wordpress theme used for booking accommodations.
3353,Real Homes,3353,0,external,"Real Homes Theme Features, Reviews and Pricing | Appsfomo",Read the full review of Real Homes. Real Homes is the handcrafted wordpress theme for real estate and building websites.,https://appsfomo.com/wp-content/uploads/2020/07/Real-homes.jpg,https://appsfomo.com/wp-content/uploads/2020/07/Real-homes.jpg,"Real Homes Theme Features, Reviews and Pricing | Appsfomo",Read the full review of Real Homes. Real Homes is the handcrafted wordpress theme for real estate and building websites.,https://appsfomo.com/wp-content/uploads/2020/07/Real-homes.jpg,"Real Homes Theme Features, Reviews and Pricing | Appsfomo",Read the full review of Real Homes. Real Homes is the handcrafted wordpress theme for real estate and building websites.
3355,ROSA,3355,0,external,"ROSA Theme Features, Reviews and Pricing | Appsfomo",Read the full review of the theme ROSA. ROSA is a daring wordpress theme used by restaurant and culinary owners.,https://appsfomo.com/wp-content/uploads/2020/07/rosa.jpg,https://appsfomo.com/wp-content/uploads/2020/07/rosa.jpg,"ROSA Theme Features, Reviews and Pricing | Appsfomo",Read the full review of the theme ROSA. ROSA is a daring wordpress theme used by restaurant and culinary owners.,https://appsfomo.com/wp-content/uploads/2020/07/rosa.jpg,"ROSA Theme Features, Reviews and Pricing | Appsfomo",Read the full review of the theme ROSA. ROSA is a daring wordpress theme used by restaurant and culinary owners.
3357,Pronto,3357,0,external,"Pronto Theme Features, Reviews and Pricing | Appsfomo",Read the full review of the theme Pronto. Pronto is the fully responsive theme to create restaurant and event websites.,https://appsfomo.com/wp-content/uploads/2020/07/Pronto.jpg,https://appsfomo.com/wp-content/uploads/2020/07/Pronto.jpg,"Pronto Theme Features, Reviews and Pricing | Appsfomo",Read the full review of the theme Pronto. Pronto is the fully responsive theme to create restaurant and event websites.,https://appsfomo.com/wp-content/uploads/2020/07/Pronto.jpg,"Pronto Theme Features, Reviews and Pricing | Appsfomo",Read the full review of the theme Pronto. Pronto is the fully responsive theme to create restaurant and event websites.
3359,Business Finder,3359,0,external,"Business Finder Theme Features, Reviews and Pricing | Appsfomo",Read the full review of Business Finder. Business Finder is a unique directory wordpress theme to create listings.,https://appsfomo.com/wp-content/uploads/2020/07/Business-finder.jpg,https://appsfomo.com/wp-content/uploads/2020/07/Business-finder.jpg,"Business Finder Theme Features, Reviews and Pricing | Appsfomo",Read the full review of Business Finder. Business Finder is a unique directory wordpress theme to create listings.,https://appsfomo.com/wp-content/uploads/2020/07/Business-finder.jpg,"Business Finder Theme Features, Reviews and Pricing | Appsfomo",Read the full review of Business Finder. Business Finder is a unique directory wordpress theme to create listings.
3361,Sweet Date,3361,0,external,"sweet date Theme Features, Reviews and Pricing | Appsfomo",Read the full review of the theme sweet-date. Sweet date is the unique wordpress theme for dating and community website.,https://appsfomo.com/wp-content/uploads/2020/07/Sweet-date.jpg,https://appsfomo.com/wp-content/uploads/2020/07/Sweet-date.jpg,"sweet date Theme Features, Reviews and Pricing | Appsfomo",Read the full review of the theme sweet-date. Sweet date is the unique wordpress theme for dating and community website.,https://appsfomo.com/wp-content/uploads/2020/07/Sweet-date.jpg,"sweet date Theme Features, Reviews and Pricing | Appsfomo",Read the full review of the theme sweet-date. Sweet date is the unique wordpress theme for dating and community website.
3363,Mingle,3363,0,external,"Mingle Theme Features, Reviews and Pricing | Appsfomo",Read the full review of Mingle theme. Mingle is the intuitive and buddyPress integrated wordpress theme to control the design of website.,https://appsfomo.com/wp-content/uploads/2020/07/Mingle.jpg,https://appsfomo.com/wp-content/uploads/2020/07/Mingle.jpg,"Mingle Theme Features, Reviews and Pricing | Appsfomo",Read the full review of Mingle theme. Mingle is the intuitive and buddyPress integrated wordpress theme to control the design of website.,https://appsfomo.com/wp-content/uploads/2020/07/Mingle.jpg,"Mingle Theme Features, Reviews and Pricing | Appsfomo",Read the full review of Mingle theme. Mingle is the intuitive and buddyPress integrated wordpress theme to control the design of website.
3365,Woffice,3365,0,external,"Woffice Theme Features, Reviews and Pricing | Appsfomo",Read the full review of the theme Woffice. Woffice is a powerful intranet/extranet theme for business and government purposes.,https://appsfomo.com/wp-content/uploads/2020/07/Woffice.jpg,https://appsfomo.com/wp-content/uploads/2020/07/Woffice.jpg,"Woffice Theme Features, Reviews and Pricing | Appsfomo",Read the full review of the theme Woffice. Woffice is a powerful intranet/extranet theme for business and government purposes.,https://appsfomo.com/wp-content/uploads/2020/07/Woffice.jpg,"Woffice Theme Features, Reviews and Pricing | Appsfomo",Read the full review of the theme Woffice. Woffice is a powerful intranet/extranet theme for business and government purposes.
3367,Buddy,3367,0,external,"buddy Theme Features, Reviews and Pricing | Appsfomo",Read the full review of Buddy. Buddy is a light weight and multi purpose theme used for business and corporate sites.,https://appsfomo.com/wp-content/uploads/2020/07/Buddy.jpg,https://appsfomo.com/wp-content/uploads/2020/07/Buddy.jpg,"buddy Theme Features, Reviews and Pricing | Appsfomo",Read the full review of Buddy. Buddy is a light weight and multi purpose theme used for business and corporate sites.,https://appsfomo.com/wp-content/uploads/2020/07/Buddy.jpg,"buddy Theme Features, Reviews and Pricing | Appsfomo",Read the full review of Buddy. Buddy is a light weight and multi purpose theme used for business and corporate sites.
3369,Socialize,3369,0,external,"Socialize Theme Features, Reviews and Pricing | Appsfomo","Read the full review of Socialize. Socialize is a multi purpose, BuddyPress integrated theme for building social networks.",https://appsfomo.com/wp-content/uploads/2020/07/Socialize.jpg,https://appsfomo.com/wp-content/uploads/2020/07/Socialize.jpg,"Socialize Theme Features, Reviews and Pricing | Appsfomo","Read the full review of Socialize. Socialize is a multi purpose, BuddyPress integrated theme for building social networks.",https://appsfomo.com/wp-content/uploads/2020/07/Socialize.jpg,"Socialize Theme Features, Reviews and Pricing | Appsfomo","Read the full review of Socialize. Socialize is a multi purpose, BuddyPress integrated theme for building social networks."
3371,WPLMS,3371,0,external,"WPLMS Theme Features, Reviews and Pricing | Appsfomo","Read the full review of the theme WPLMS. WPLMS is a Learning Management System for WordPress and academies, schools, etc.",https://appsfomo.com/wp-content/uploads/2020/07/WPLMS.jpg,https://appsfomo.com/wp-content/uploads/2020/07/WPLMS.jpg,"WPLMS Theme Features, Reviews and Pricing | Appsfomo","Read the full review of the theme WPLMS. WPLMS is a Learning Management System for WordPress and academies, schools, etc.",https://appsfomo.com/wp-content/uploads/2020/07/WPLMS.jpg,"WPLMS Theme Features, Reviews and Pricing | Appsfomo","Read the full review of the theme WPLMS. WPLMS is a Learning Management System for WordPress and academies, schools, etc."
3373,EducationPress,3373,0,external,"EducationPress Theme Features, Reviews and Pricing | Appsfomo","Read the full review of the theme EducationPress. EducationPress theme is highly suitable for colleges, universities, coaching, academies.",https://appsfomo.com/wp-content/uploads/2020/07/Education-press.jpg,https://appsfomo.com/wp-content/uploads/2020/07/Education-press.jpg,"EducationPress Theme Features, Reviews and Pricing | Appsfomo","Read the full review of the theme EducationPress. EducationPress theme is highly suitable for colleges, universities, coaching, academies.",https://appsfomo.com/wp-content/uploads/2020/07/Education-press.jpg,"EducationPress Theme Features, Reviews and Pricing | Appsfomo","Read the full review of the theme EducationPress. EducationPress theme is highly suitable for colleges, universities, coaching, academies."
3375,Academy,3375,0,external,"Academy Theme Features, Reviews and Pricing | Appsfomo",Read the full review of the theme Academy. Academy is a perfect theme for sharing and selling the knowledge online.,https://appsfomo.com/wp-content/uploads/2020/07/Acadeny.jpg,https://appsfomo.com/wp-content/uploads/2020/07/Acadeny.jpg,"Academy Theme Features, Reviews and Pricing | Appsfomo",Read the full review of the theme Academy. Academy is a perfect theme for sharing and selling the knowledge online.,https://appsfomo.com/wp-content/uploads/2020/07/Acadeny.jpg,"Academy Theme Features, Reviews and Pricing | Appsfomo",Read the full review of the theme Academy. Academy is a perfect theme for sharing and selling the knowledge online.
3377,University,3377,0,external,"University Theme Features, Reviews and Pricing | Appsfomo","Read the full review of the theme University. University WordPress theme is great for Education Institute, Events, Courses, etc.",https://appsfomo.com/wp-content/uploads/2020/07/University.jpg,https://appsfomo.com/wp-content/uploads/2020/07/University.jpg,"University Theme Features, Reviews and Pricing | Appsfomo","Read the full review of the theme University. University WordPress theme is great for Education Institute, Events, Courses, etc.",https://appsfomo.com/wp-content/uploads/2020/07/University.jpg,"University Theme Features, Reviews and Pricing | Appsfomo","Read the full review of the theme University. University WordPress theme is great for Education Institute, Events, Courses, etc."
3379,LMS,3379,0,external,"LMS Theme Features, Reviews and Pricing | Appsfomo",Read the full review of the theme LMS. LMS is a Powerful Learning management system WordPress theme which provides awesome features.,https://appsfomo.com/wp-content/uploads/2020/07/LMS.jpg,https://appsfomo.com/wp-content/uploads/2020/07/LMS.jpg,"LMS Theme Features, Reviews and Pricing | Appsfomo",Read the full review of the theme LMS. LMS is a Powerful Learning management system WordPress theme which provides awesome features.,https://appsfomo.com/wp-content/uploads/2020/07/LMS.jpg,"LMS Theme Features, Reviews and Pricing | Appsfomo",Read the full review of the theme LMS. LMS is a Powerful Learning management system WordPress theme which provides awesome features.
3381,Porto,3381,0,external,"Porto Theme Features, Reviews and Pricing | Appsfomo",Read the full reviews of Porto Theme. Porto is one of the best business plus e-commerce themes to be used in market.,https://appsfomo.com/wp-content/uploads/2020/07/Porto.jpg,https://appsfomo.com/wp-content/uploads/2020/07/Porto.jpg,"Porto Theme Features, Reviews and Pricing | Appsfomo",Read the full reviews of Porto Theme. Porto is one of the best business plus e-commerce themes to be used in market.,https://appsfomo.com/wp-content/uploads/2020/07/Porto.jpg,"Porto Theme Features, Reviews and Pricing | Appsfomo",Read the full reviews of Porto Theme. Porto is one of the best business plus e-commerce themes to be used in market.
3383,Blaszok,3383,0,external,"Blaszok Theme Features, Reviews and Pricing | Appsfomo",Read the full review of the theme Blaszok. Blaszok is a responsive and retina ready business plus e-commerce theme.,https://appsfomo.com/wp-content/uploads/2020/07/Blaszok.jpg,https://appsfomo.com/wp-content/uploads/2020/07/Blaszok.jpg,"Blaszok Theme Features, Reviews and Pricing | Appsfomo",Read the full review of the theme Blaszok. Blaszok is a responsive and retina ready business plus e-commerce theme.,https://appsfomo.com/wp-content/uploads/2020/07/Blaszok.jpg,"Blaszok Theme Features, Reviews and Pricing | Appsfomo",Read the full review of the theme Blaszok. Blaszok is a responsive and retina ready business plus e-commerce theme.
3387,Atelier,3387,0,external,"Atelier Theme Features, Reviews and Pricing | Appsfomo",Read the full review of the theme atelier. Atelier is a creative multi-purpose e-commerce theme which is tested across desktop browsers.,https://appsfomo.com/wp-content/uploads/2020/07/Atelier.jpg,https://appsfomo.com/wp-content/uploads/2020/07/Atelier.jpg,"Atelier Theme Features, Reviews and Pricing | Appsfomo",Read the full review of the theme atelier. Atelier is a creative multi-purpose e-commerce theme which is tested across desktop browsers.,https://appsfomo.com/wp-content/uploads/2020/07/Atelier.jpg,"Atelier Theme Features, Reviews and Pricing | Appsfomo",Read the full review of the theme atelier. Atelier is a creative multi-purpose e-commerce theme which is tested across desktop browsers.
3389,Oxygen,3389,0,external,"Oxygen Theme Features, Reviews and Pricing | Appsfomo","Read the full review of the theme Oxygen. Oxygen is a Woo Commerce business theme, built exclusively for online shopping.",https://appsfomo.com/wp-content/uploads/2020/07/Oxygen.jpg,https://appsfomo.com/wp-content/uploads/2020/07/Oxygen.jpg,"Oxygen Theme Features, Reviews and Pricing | Appsfomo","Read the full review of the theme Oxygen. Oxygen is a Woo Commerce business theme, built exclusively for online shopping.",https://appsfomo.com/wp-content/uploads/2020/07/Oxygen.jpg,"Oxygen Theme Features, Reviews and Pricing | Appsfomo","Read the full review of the theme Oxygen. Oxygen is a Woo Commerce business theme, built exclusively for online shopping."
3391,Flatsome,3391,0,external,"Flatsome Theme Features, Reviews and Pricing | Appsfomo",Read the full review of Flatsome. Flatsome is a Multi-Purpose Responsive WordPress WooCommerce Theme with incredible User Experience.,https://appsfomo.com/wp-content/uploads/2020/07/flatsome.jpg,https://appsfomo.com/wp-content/uploads/2020/07/flatsome.jpg,"Flatsome Theme Features, Reviews and Pricing | Appsfomo",Read the full review of Flatsome. Flatsome is a Multi-Purpose Responsive WordPress WooCommerce Theme with incredible User Experience.,https://appsfomo.com/wp-content/uploads/2020/07/flatsome.jpg,"Flatsome Theme Features, Reviews and Pricing | Appsfomo",Read the full review of Flatsome. Flatsome is a Multi-Purpose Responsive WordPress WooCommerce Theme with incredible User Experience.
3393,Shopkeeper,3393,0,external,"Shopkeeper Theme Features, Reviews and Pricing | Appsfomo",Read the full review of the theme shopkeeper. Shopkeeper is a fully responsive Premium Woo Commerce Theme for e-commerce.,https://appsfomo.com/wp-content/uploads/2020/07/Shopkeeper.jpg,https://appsfomo.com/wp-content/uploads/2020/07/Shopkeeper.jpg,"Shopkeeper Theme Features, Reviews and Pricing | Appsfomo",Read the full review of the theme shopkeeper. Shopkeeper is a fully responsive Premium Woo Commerce Theme for e-commerce.,https://appsfomo.com/wp-content/uploads/2020/07/Shopkeeper.jpg,"Shopkeeper Theme Features, Reviews and Pricing | Appsfomo",Read the full review of the theme shopkeeper. Shopkeeper is a fully responsive Premium Woo Commerce Theme for e-commerce.
3395,The Retailer,3395,0,external,"The Retailer Theme Features, Reviews and Pricing | Appsfomo",Read the full review of the theme The Retailer. The Retailer is a Top Selling Premium WordPress e-Commerce Theme.,https://appsfomo.com/wp-content/uploads/2020/07/The-Retailer.jpg,https://appsfomo.com/wp-content/uploads/2020/07/The-Retailer.jpg,"The Retailer Theme Features, Reviews and Pricing | Appsfomo",Read the full review of the theme The Retailer. The Retailer is a Top Selling Premium WordPress e-Commerce Theme.,https://appsfomo.com/wp-content/uploads/2020/07/The-Retailer.jpg,"The Retailer Theme Features, Reviews and Pricing | Appsfomo",Read the full review of the theme The Retailer. The Retailer is a Top Selling Premium WordPress e-Commerce Theme.
3397,Job Career,3397,0,external,"Job career Theme Features, Reviews and Pricing | Appsfomo",Job Career theme is a complete Job Board WordPress theme that allows you to create a useful and easy to use job listings website.,https://appsfomo.com/wp-content/uploads/2020/07/Job-career.jpg,https://appsfomo.com/wp-content/uploads/2020/07/Job-career.jpg,"Job career Theme Features, Reviews and Pricing | Appsfomo",Job Career theme is a complete Job Board WordPress theme that allows you to create a useful and easy to use job listings website.,https://appsfomo.com/wp-content/uploads/2020/07/Job-career.jpg,"Job career Theme Features, Reviews and Pricing | Appsfomo",Job Career theme is a complete Job Board WordPress theme that allows you to create a useful and easy to use job listings website.
3399,Fable,3399,0,external,"Fable Theme Features, Reviews and Pricing | Appsfomo",Fable – Children Kindergarten WordPress Theme is a responsive WordPress Theme best suitable for kindergarten.,https://appsfomo.com/wp-content/uploads/2020/07/Fable.jpg,https://appsfomo.com/wp-content/uploads/2020/07/Fable.jpg,"Fable Theme Features, Reviews and Pricing | Appsfomo",Fable – Children Kindergarten WordPress Theme is a responsive WordPress Theme best suitable for kindergarten.,https://appsfomo.com/wp-content/uploads/2020/07/Fable.jpg,"Fable Theme Features, Reviews and Pricing | Appsfomo",Fable – Children Kindergarten WordPress Theme is a responsive WordPress Theme best suitable for kindergarten.
3403,Karma,3403,0,external,"Karma Theme Features, Reviews and Pricing | Appsfomo",Read the full review of Karma theme. Karma is an exceptional wordpress theme used for corporate and business purposes.,https://appsfomo.com/wp-content/uploads/2020/07/Karma.jpg,https://appsfomo.com/wp-content/uploads/2020/07/Karma.jpg,"Karma Theme Features, Reviews and Pricing | Appsfomo",Read the full review of Karma theme. Karma is an exceptional wordpress theme used for corporate and business purposes.,https://appsfomo.com/wp-content/uploads/2020/07/Karma.jpg,"Karma Theme Features, Reviews and Pricing | Appsfomo",Read the full review of Karma theme. Karma is an exceptional wordpress theme used for corporate and business purposes.
3405,uDesign,3405,0,external,"uDesign Theme Features, Reviews and Pricing | Appsfomo",Read the full review of uDesign theme. Udesign is the powerful and user friendly designing theme for all people.,https://appsfomo.com/wp-content/uploads/2020/07/Udesign.jpg,https://appsfomo.com/wp-content/uploads/2020/07/Udesign.jpg,"uDesign Theme Features, Reviews and Pricing | Appsfomo",Read the full review of uDesign theme. Udesign is the powerful and user friendly designing theme for all people.,https://appsfomo.com/wp-content/uploads/2020/07/Udesign.jpg,"uDesign Theme Features, Reviews and Pricing | Appsfomo",Read the full review of uDesign theme. Udesign is the powerful and user friendly designing theme for all people.
3407,Home Villas,3407,0,external,"Home Villas Theme Features, Reviews and Pricing | Appsfomo",Read the full review of Home Villas. Home Villas is a Real Estate responsive WordPress theme specially built for property business.,https://appsfomo.com/wp-content/uploads/2020/07/HomeVilla.jpg,https://appsfomo.com/wp-content/uploads/2020/07/HomeVilla.jpg,"Home Villas Theme Features, Reviews and Pricing | Appsfomo",Read the full review of Home Villas. Home Villas is a Real Estate responsive WordPress theme specially built for property business.,https://appsfomo.com/wp-content/uploads/2020/07/HomeVilla.jpg,"Home Villas Theme Features, Reviews and Pricing | Appsfomo",Read the full review of Home Villas. Home Villas is a Real Estate responsive WordPress theme specially built for property business.
3409,Sahifa,3409,0,external,"Sahifa Theme Features, Reviews and Pricing | Appsfomo","Read the full review of Sahifa theme. Sahifa News Theme is a clean, modern, user friendly newspaper and blog theme.",https://appsfomo.com/wp-content/uploads/2020/07/Sahifa.jpg,https://appsfomo.com/wp-content/uploads/2020/07/Sahifa.jpg,"Sahifa Theme Features, Reviews and Pricing | Appsfomo","Read the full review of Sahifa theme. Sahifa News Theme is a clean, modern, user friendly newspaper and blog theme.",https://appsfomo.com/wp-content/uploads/2020/07/Sahifa.jpg,"Sahifa Theme Features, Reviews and Pricing | Appsfomo","Read the full review of Sahifa theme. Sahifa News Theme is a clean, modern, user friendly newspaper and blog theme."
3411,Gonzo,3411,0,external,"Gonzo Theme Features, Reviews and Pricing | Appsfomo",Read the full review of Gonzo theme. Gonzo is built with semantic HTML5/CSS3 and is the magazine and newspaper theme.,https://appsfomo.com/wp-content/uploads/2020/07/Gonzo.jpg,https://appsfomo.com/wp-content/uploads/2020/07/Gonzo.jpg,"Gonzo Theme Features, Reviews and Pricing | Appsfomo",Read the full review of Gonzo theme. Gonzo is built with semantic HTML5/CSS3 and is the magazine and newspaper theme.,https://appsfomo.com/wp-content/uploads/2020/07/Gonzo.jpg,"Gonzo Theme Features, Reviews and Pricing | Appsfomo",Read the full review of Gonzo theme. Gonzo is built with semantic HTML5/CSS3 and is the magazine and newspaper theme.
3413,Modesto,3413,0,external,"Modesto Theme Features, Reviews and Pricing | Appsfomo","Read the review of Modesto. Modesto is the creative wordpress theme which is suitable for agency, portfolio &amp; photographers.",https://appsfomo.com/wp-content/uploads/2020/07/modesto.jpg,https://appsfomo.com/wp-content/uploads/2020/07/modesto.jpg,"Modesto Theme Features, Reviews and Pricing | Appsfomo","Read the review of Modesto. Modesto is the creative wordpress theme which is suitable for agency, portfolio &amp; photographers.",https://appsfomo.com/wp-content/uploads/2020/07/modesto.jpg,"Modesto Theme Features, Reviews and Pricing | Appsfomo","Read the review of Modesto. Modesto is the creative wordpress theme which is suitable for agency, portfolio &amp; photographers."
3415,Joker,3415,0,external,"Joker Theme - Features, Reviews and Pricing | Appsfomo",Read the full review of Joker theme. Joker is a professionally made photo and video Wordpress theme.,https://appsfomo.com/wp-content/uploads/2020/07/joker_thumbnail_hj.jpg,https://appsfomo.com/wp-content/uploads/2020/07/joker_thumbnail_hj.jpg,"Joker Theme - Features, Reviews and Pricing | Appsfomo",Read the full review of Joker theme. Joker is a professionally made photo and video Wordpress theme.,https://appsfomo.com/wp-content/uploads/2020/07/joker_thumbnail_hj.jpg,"Joker Theme - Features, Reviews and Pricing | Appsfomo",Read the full review of Joker theme. Joker is a professionally made photo and video Wordpress theme.
3417,Preschool,3417,0,external,"Preschool Theme Features, Reviews and Pricing | Appsfomo",Preschool is a versatile and multi-purpose WordPress theme that has been developed with scholastics at heart.,https://appsfomo.com/wp-content/uploads/2020/08/Pre-School.jpg,https://appsfomo.com/wp-content/uploads/2020/08/Pre-School.jpg,"Preschool Theme Features, Reviews and Pricing | Appsfomo",Preschool is a versatile and multi-purpose WordPress theme that has been developed with scholastics at heart.,https://appsfomo.com/wp-content/uploads/2020/08/Pre-School.jpg,"Preschool Theme Features, Reviews and Pricing | Appsfomo",Preschool is a versatile and multi-purpose WordPress theme that has been developed with scholastics at heart.
3419,EduCare,3419,0,external,"Educare Theme Features, Reviews and Pricing | Appsfomo",Read the full review of theme Educare. Educare is the powerful and creative Education theme for WordPress websites.,https://appsfomo.com/wp-content/uploads/2020/07/Educare.jpg,https://appsfomo.com/wp-content/uploads/2020/07/Educare.jpg,"Educare Theme Features, Reviews and Pricing | Appsfomo",Read the full review of theme Educare. Educare is the powerful and creative Education theme for WordPress websites.,https://appsfomo.com/wp-content/uploads/2020/07/Educare.jpg,"Educare Theme Features, Reviews and Pricing | Appsfomo",Read the full review of theme Educare. Educare is the powerful and creative Education theme for WordPress websites.
3421,Universh,3421,0,external,"Universh Theme Features, Reviews and Pricing | Appsfomo","Read the full review of Universh. Universh is a special WordPress theme making use of material design for Product Education, Events, Information, Learning Centre & Child College..",https://appsfomo.com/wp-content/uploads/2020/07/Universh.jpg,https://appsfomo.com/wp-content/uploads/2020/07/Universh.jpg,"Universh Theme Features, Reviews and Pricing | Appsfomo","Read the full review of Universh. Universh is a special WordPress theme making use of material design for Product Education, Events, Information, Learning Centre & Child College..",https://appsfomo.com/wp-content/uploads/2020/07/Universh.jpg,"Universh Theme Features, Reviews and Pricing | Appsfomo","Read the full review of Universh. Universh is a special WordPress theme making use of material design for Product Education, Events, Information, Learning Centre & Child College.."
3428,Falcons,3428,0,external,"Falcons Theme Features, Reviews and Pricing | Appsfomo",Read the full review of Falcons. Falcons is the ideal solution for launching your Lawyers Directory and Law Firms Listing.,https://appsfomo.com/wp-content/uploads/2020/07/Falcons.jpg,https://appsfomo.com/wp-content/uploads/2020/07/Falcons.jpg,"Falcons Theme Features, Reviews and Pricing | Appsfomo",Read the full review of Falcons. Falcons is the ideal solution for launching your Lawyers Directory and Law Firms Listing.,https://appsfomo.com/wp-content/uploads/2020/07/Falcons.jpg,"Falcons Theme Features, Reviews and Pricing | Appsfomo",Read the full review of Falcons. Falcons is the ideal solution for launching your Lawyers Directory and Law Firms Listing.
3430,Thrive,3430,0,external,"Thrive Theme Features, Reviews and Pricing | Appsfomo",Read the review of Thrive.Thrive has been designed as the ultimate foundation for your collaborative online community.,https://appsfomo.com/wp-content/uploads/2020/08/Thrive.jpg,https://appsfomo.com/wp-content/uploads/2020/08/Thrive.jpg,"Thrive Theme Features, Reviews and Pricing | Appsfomo",Read the review of Thrive.Thrive has been designed as the ultimate foundation for your collaborative online community.,https://appsfomo.com/wp-content/uploads/2020/08/Thrive.jpg,"Thrive Theme Features, Reviews and Pricing | Appsfomo",Read the review of Thrive.Thrive has been designed as the ultimate foundation for your collaborative online community.
3433,NRGNetwork,3433,0,external,"NRGNetwork Theme Features, Reviews and Pricing | Appsfomo",NRGNetwork is a responsive and modern social network WordPress theme allowing you to create your very own social network website in minutes.,https://appsfomo.com/wp-content/uploads/2020/07/NRG-Network.jpg,https://appsfomo.com/wp-content/uploads/2020/07/NRG-Network.jpg,"NRGNetwork Theme Features, Reviews and Pricing | Appsfomo",NRGNetwork is a responsive and modern social network WordPress theme allowing you to create your very own social network website in minutes.,https://appsfomo.com/wp-content/uploads/2020/07/NRG-Network.jpg,"NRGNetwork Theme Features, Reviews and Pricing | Appsfomo",NRGNetwork is a responsive and modern social network WordPress theme allowing you to create your very own social network website in minutes.
3435,Geeklove,3435,0,external,"GeekLove Theme Features, Reviews and Pricing | Appsfomo","Read the full review of GeekLove. GeekLove is a beautiful, clean, minimal and responsive WordPress theme for wedding.",https://appsfomo.com/wp-content/uploads/2020/07/geeklove.png,https://appsfomo.com/wp-content/uploads/2020/07/geeklove.png,"GeekLove Theme Features, Reviews and Pricing | Appsfomo","Read the full review of GeekLove. GeekLove is a beautiful, clean, minimal and responsive WordPress theme for wedding.",https://appsfomo.com/wp-content/uploads/2020/07/geeklove.png,"GeekLove Theme Features, Reviews and Pricing | Appsfomo","Read the full review of GeekLove. GeekLove is a beautiful, clean, minimal and responsive WordPress theme for wedding."
3441,Crown,3441,0,external,"Crown Theme - Features, Reviews and Pricing | Appsfomo",Crown theme is the app showcase multipurpose theme built with the availability of a variety of the latest features.,https://appsfomo.com/wp-content/uploads/2020/07/crown-theme.jpg,https://appsfomo.com/wp-content/uploads/2020/07/crown-theme.jpg,"Crown Theme - Features, Reviews and Pricing | Appsfomo",Crown theme is the app showcase multipurpose theme built with the availability of a variety of the latest features.,https://appsfomo.com/wp-content/uploads/2020/07/crown-theme.jpg,"Crown Theme - Features, Reviews and Pricing | Appsfomo",Crown theme is the app showcase multipurpose theme built with the availability of a variety of the latest features.
3443,MediCenter,3443,0,external,"MediCenter Theme - Features, Reviews and Pricing | Appsfomo","MediCenter is a responsive Medical WordPress which is most suitable for doctors, health clinics, hospitals and medical organizations.",https://appsfomo.com/wp-content/uploads/2020/07/medicenter_thumbnail1.jpg,https://appsfomo.com/wp-content/uploads/2020/07/medicenter_thumbnail1.jpg,"MediCenter Theme - Features, Reviews and Pricing | Appsfomo","MediCenter is a responsive Medical WordPress which is most suitable for doctors, health clinics, hospitals and medical organizations.",https://appsfomo.com/wp-content/uploads/2020/07/medicenter_thumbnail1.jpg,"MediCenter Theme - Features, Reviews and Pricing | Appsfomo","MediCenter is a responsive Medical WordPress which is most suitable for doctors, health clinics, hospitals and medical organizations."
3445,MaxHost,3445,0,external,"Maxhost Theme Features, Reviews and Pricing | Appsfomo",Read the review of theme Maxhost. Maxhost is a well designed professional web hosting and corporate business wordpress theme.,https://appsfomo.com/wp-content/uploads/2020/07/MaxHost.jpg,https://appsfomo.com/wp-content/uploads/2020/07/MaxHost.jpg,"Maxhost Theme Features, Reviews and Pricing | Appsfomo",Read the review of theme Maxhost. Maxhost is a well designed professional web hosting and corporate business wordpress theme.,https://appsfomo.com/wp-content/uploads/2020/07/MaxHost.jpg,"Maxhost Theme Features, Reviews and Pricing | Appsfomo",Read the review of theme Maxhost. Maxhost is a well designed professional web hosting and corporate business wordpress theme.
3447,MedicalPress,3447,0,external,"MedicalPress Theme Features, Reviews and Pricing | Appsfomo",Read the review of theme MedicalPress. MedicalPress is a handcrafted wordPress theme for Health and Medical industry.,https://appsfomo.com/wp-content/uploads/2020/07/Medical-press.jpg,https://appsfomo.com/wp-content/uploads/2020/07/Medical-press.jpg,"MedicalPress Theme Features, Reviews and Pricing | Appsfomo",Read the review of theme MedicalPress. MedicalPress is a handcrafted wordPress theme for Health and Medical industry.,https://appsfomo.com/wp-content/uploads/2020/07/Medical-press.jpg,"MedicalPress Theme Features, Reviews and Pricing | Appsfomo",Read the review of theme MedicalPress. MedicalPress is a handcrafted wordPress theme for Health and Medical industry.
3451,Spa Lab,3451,0,external,"Spa Lab Theme Features, Reviews and Pricing | Appsfomo","Read the review of Spa Lab. Spa Lab is a hand crafted beauty salon WordPress theme for all hair salons, wellness centre, etc.",https://appsfomo.com/wp-content/uploads/2020/07/SPA-Lab.jpg,https://appsfomo.com/wp-content/uploads/2020/07/SPA-Lab.jpg,"Spa Lab Theme Features, Reviews and Pricing | Appsfomo","Read the review of Spa Lab. Spa Lab is a hand crafted beauty salon WordPress theme for all hair salons, wellness centre, etc.",https://appsfomo.com/wp-content/uploads/2020/07/SPA-Lab.jpg,"Spa Lab Theme Features, Reviews and Pricing | Appsfomo","Read the review of Spa Lab. Spa Lab is a hand crafted beauty salon WordPress theme for all hair salons, wellness centre, etc."
3453,Tour Package,3453,0,external,"Tour Package Theme Features, Reviews and Pricing | Appsfomo",Read the full review of plugin Tour Package. Tour Package is a Wordpress theme especially for travel company and booking.,https://appsfomo.com/wp-content/uploads/2020/07/Tour-package.jpg,https://appsfomo.com/wp-content/uploads/2020/07/Tour-package.jpg,"Tour Package Theme Features, Reviews and Pricing | Appsfomo",Read the full review of plugin Tour Package. Tour Package is a Wordpress theme especially for travel company and booking.,https://appsfomo.com/wp-content/uploads/2020/07/Tour-package.jpg,"Tour Package Theme Features, Reviews and Pricing | Appsfomo",Read the full review of plugin Tour Package. Tour Package is a Wordpress theme especially for travel company and booking.
3455,Traveler,3455,0,external,"Traveler Theme Features, Reviews and Pricing | Appsfomo",Read the full review of Traveler. Traveler is a Travel Management booking system for WordPress.,https://appsfomo.com/wp-content/uploads/2020/07/Traveler.jpg,https://appsfomo.com/wp-content/uploads/2020/07/Traveler.jpg,"Traveler Theme Features, Reviews and Pricing | Appsfomo",Read the full review of Traveler. Traveler is a Travel Management booking system for WordPress.,https://appsfomo.com/wp-content/uploads/2020/07/Traveler.jpg,"Traveler Theme Features, Reviews and Pricing | Appsfomo",Read the full review of Traveler. Traveler is a Travel Management booking system for WordPress.
3457,Travelo,3457,0,external,"Travelo Theme - Features, Reviews and Pricing | Appsfomo",Travelo – Travel/Tour Booking Wordpress Theme is one of the best Hotel and Tour booking theme in the world.,https://appsfomo.com/wp-content/uploads/2020/07/Travel_Tour_Booking_Responsive_WordPress_Theme.jpg,https://appsfomo.com/wp-content/uploads/2020/07/Travel_Tour_Booking_Responsive_WordPress_Theme.jpg,"Travelo Theme - Features, Reviews and Pricing | Appsfomo",Travelo – Travel/Tour Booking Wordpress Theme is one of the best Hotel and Tour booking theme in the world.,https://appsfomo.com/wp-content/uploads/2020/07/Travel_Tour_Booking_Responsive_WordPress_Theme.jpg,"Travelo Theme - Features, Reviews and Pricing | Appsfomo",Travelo – Travel/Tour Booking Wordpress Theme is one of the best Hotel and Tour booking theme in the world.
3459,Trendy Travel,3459,0,external,"Trendy Travel Theme Features, Reviews and Pricing | Appsfomo","Read the full review of Trendy Travel. Trendy Travel theme is for all the services related to tourism such as hotels, resorts, etc.",https://appsfomo.com/wp-content/uploads/2020/07/Trendy.jpg,https://appsfomo.com/wp-content/uploads/2020/07/Trendy.jpg,"Trendy Travel Theme Features, Reviews and Pricing | Appsfomo","Read the full review of Trendy Travel. Trendy Travel theme is for all the services related to tourism such as hotels, resorts, etc.",https://appsfomo.com/wp-content/uploads/2020/07/Trendy.jpg,"Trendy Travel Theme Features, Reviews and Pricing | Appsfomo","Read the full review of Trendy Travel. Trendy Travel theme is for all the services related to tourism such as hotels, resorts, etc."
3461,Nation Hotel,3461,0,external,"Nation Hotel Theme Features, Reviews and Pricing | Appsfomo","Read the full review of Nation Hotel. Nation Hotel is a hotel booking, user friendly and poweful theme for beginners.",https://appsfomo.com/wp-content/uploads/2020/07/Nation-Hotel.jpg,https://appsfomo.com/wp-content/uploads/2020/07/Nation-Hotel.jpg,"Nation Hotel Theme Features, Reviews and Pricing | Appsfomo","Read the full review of Nation Hotel. Nation Hotel is a hotel booking, user friendly and poweful theme for beginners.",https://appsfomo.com/wp-content/uploads/2020/07/Nation-Hotel.jpg,"Nation Hotel Theme Features, Reviews and Pricing | Appsfomo","Read the full review of Nation Hotel. Nation Hotel is a hotel booking, user friendly and poweful theme for beginners."
3465,Bellevue,3465,0,external,"Bellevue Theme - Reviews, Features and Pricing | Appsfomo",Read the full review of Bellevue. Bellevue WordPress theme will help you simplify and automate the booking process.,https://appsfomo.com/wp-content/uploads/2020/07/bellevue-review.jpg,https://appsfomo.com/wp-content/uploads/2020/07/bellevue-review.jpg,"Bellevue Theme - Reviews, Features and Pricing | Appsfomo",Read the full review of Bellevue. Bellevue WordPress theme will help you simplify and automate the booking process.,https://appsfomo.com/wp-content/uploads/2020/07/bellevue-review.jpg,"Bellevue Theme - Reviews, Features and Pricing | Appsfomo",Read the full review of Bellevue. Bellevue WordPress theme will help you simplify and automate the booking process.
3580,Avada,3580,0,external,"Avada Theme Features, Reviews and Pricing | Appsfomo",Read the full review of Avada. Avada is the powerful wordpress theme used for Design Anything Build Everything.,https://appsfomo.com/wp-content/uploads/2020/09/Avada.jpg,https://appsfomo.com/wp-content/uploads/2020/09/Avada.jpg,"Avada Theme Features, Reviews and Pricing | Appsfomo",Read the full review of Avada. Avada is the powerful wordpress theme used for Design Anything Build Everything.,https://appsfomo.com/wp-content/uploads/2020/09/Avada.jpg,"Avada Theme Features, Reviews and Pricing | Appsfomo",Read the full review of Avada. Avada is the powerful wordpress theme used for Design Anything Build Everything.
3583,Yoast SEO,3583,0,external,"Yoast SEO Plugin Features, reviews and Pricing | Appsfomo",Read the full review of Yoast SEO. Yoast SEO does everything in its power to please both visitors and search engine spiders. .,https://appsfomo.com/wp-content/uploads/2020/09/YoastSEO-1.png,https://appsfomo.com/wp-content/uploads/2020/09/YoastSEO-1.png,"Yoast SEO Plugin Features, reviews and Pricing | Appsfomo",Read the full review of Yoast SEO. Yoast SEO does everything in its power to please both visitors and search engine spiders. .,https://appsfomo.com/wp-content/uploads/2020/09/YoastSEO-1.png,"Yoast SEO Plugin Features, reviews and Pricing | Appsfomo",Read the full review of Yoast SEO. Yoast SEO does everything in its power to please both visitors and search engine spiders. .
